objectid;fisiologia;altura;diametro;pap;perimetro;altura_fus
58566;Perennifolio;8.97184658050537;2;0.400000005960464;0.449999988079071;2.52327871322631
144860;Semicaducifolio;7.51000642776489;4;0.28999999165535;0.349999994039536;3.08137273788452
146014;Semicaducifolio;15.1863965988159;7.57000017166137;1.62999999523162;2.14000010490417;5.50954151153564
151897;Semicaducifolio;11.9402818679809;7;0.699999988079071;1.74000000953674;4.56058979034423
15787;Caducifolio;1.60000002384185;0.800000011920928;0;0.230000004172325;0.550000011920928
89430;Caducifolio;4.51121997833251;6;0;0.5;0.799544870853424
39147;Perennifolio;4.46271514892578;4.09999990463256;0.319999992847443;0.340000003576279;2.63325405120849
5477;Perennifolio;10.4130916595458;4.40000009536743;0.639999985694885;0.639999985694885;3.52653956413269
91966;Caducifolio;3.12027978897094;2.79999995231628;0.379999995231628;0.660000026226043;1.9043298959732
9980;Perennifolio;7.10875701904296;3;0.740000009536743;1.29999995231628;1.40067195892333
60510;Caducifolio;4.26333618164062;3;0.239999994635582;0.479999989271164;1.93305206298828
116045;Caducifolio;5.14270687103271;7.78000020980834;0.819999992847442;1.04999995231628;2.53288102149963
64174;Perennifolio;2.96300315856933;2.5;0.52999997138977;0.75;1.59955406188964
29589;Perennifolio;2.21285796165466;1.10000002384185;0;0.600000023841857;0.796118676662445
166043;Semicaducifolio;9.72886180877685;5.40000009536743;0.740000009536743;1.01999998092651;3.90678930282592
16484;Caducifolio;1.35000002384185;1.20000004768371;0;0.25;0.699999988079071
5841;Caducifolio;3.97735619544982;3;0.270000010728836;0.419999986886978;1.99816167354583
151187;Semicaducifolio;15.8049221038818;6;1.20000004768371;1.30999994277954;5.18254995346069
71051;Perennifolio;5.74622344970703;2.79999995231628;0.360000014305115;0.46000000834465;2.57847571372985
156276;Semicaducifolio;1.63999998569488;0.600000023841857;0.469999998807907;0.959999978542327;1.3400000333786
152928;Caducifolio;1.70000004768371;1.20000004768371;0.100000001490116;0.170000001788139;1.45000004768371
116428;Perennifolio;8.21194076538085;2.79999995231628;0;0.46000000834465;0.419049233198166
153331;Semicaducifolio;3.79151654243469;2.29999995231628;0.200000002980232;0.419999986886978;1.60769510269165
136961;Semicaducifolio;2.99133706092834;2.29999995231628;0;0.300000011920929;1.18550145626068
140991;Semicaducifolio;2.79996156692504;3.20000004768371;0.200000002980232;0.400000005960464;1.89947259426116
108810;Perennifolio;1.93305206298828;1.79999995231628;0.140000000596046;0.239999994635582;1.58384442329406
157455;Caducifolio;1.60000002384185;0.300000011920929;0;0.0599999986588955;1.14999997615814
81984;Caducifolio;2.08261847496032;1;0;0.200000002980232;0.453837692737579
159884;Semicaducifolio;8.80000019073486;6.51000022888183;0.699999988079071;0.839999973773956;6.40000009536743
25636;Caducifolio;6.39826154708862;5.90000009536743;0.680000007152557;0.709999978542327;3.58302664756774
166176;Caducifolio;5.44567060470581;4.19999980926513;0.270000010728836;0.330000013113022;2.28029489517211
162388;Semicaducifolio;9.72714614868164;7;0.850000023841857;1;2.6979591846466
16769;Perennifolio;4.84931087493896;3.5;0.879999995231628;0.839999973773956;1.80476999282836
148208;Caducifolio;2.99193596839904;3.79999995231628;0.259999990463257;0.349999994039536;1.60069835186004
105545;Perennifolio;1.71551072597503;1.37000000476837;0;0.200000002980232;0.929394006729125
111190;Caducifolio;1.92711377143859;2.20000004768371;0;0.860000014305114;0.703767836093902
164106;Semicaducifolio;9.02917766571044;11.2299995422363;1.88999998569488;2.22000002861022;3.14830946922302
154834;Semicaducifolio;12.1380443572998;7.80000019073486;0.740000009536743;1.02999997138977;2.71355104446411
55330;Caducifolio;3.23679566383361;4.40000009536743;0.170000001788139;0.300000011920929;1.31619787216186
63751;Caducifolio;2.05861282348632;2.29999995231628;0;0.239999994635582;0.641004681587219
1477;Perennifolio;1.44000005722045;0.699999988079071;0;0.159999996423721;0.860000014305114
55453;Perennifolio;2.41111469268798;2;0;0.449999988079071;1.13721895217895
32245;Perennifolio;1.39999997615814;1.70000004768371;0;0.319999992847443;0.699999988079071
73508;Perennifolio;2.81431221961975;3.5;0;0.330000013113022;0.876491725444793
162380;Caducifolio;7.2218108177185;;0.860000014305114;0.660000026226043;3.71978592872619
46789;Perennifolio;1.7908170223236;1.35000002384185;0;0.180000007152557;0.666141033172607
149965;Semicaducifolio;13.8157711029052;9;1.20000004768371;1.5900000333786;3.5784273147583
30242;Perennifolio;2.14359354972839;1.79999995231628;0;1.10000002384185;0.509633421897888
123773;Caducifolio;3.49172163009643;2.40000009536743;0;0.189999997615814;0.880347669124603
22388;Perennifolio;2.05312943458557;1.10000002384185;0;0.310000002384186;1.25038802623748
67282;Caducifolio;6.2108449935913;5.69999980926513;0.400000005960464;0.610000014305114;2.69032740592956
92809;Perennifolio;3.84557604789733;;0.479999989271164;0.639999985694885;1.89420878887176
163799;Semicaducifolio;14.2655239105224;10.5;1.82000005245208;1.39999997615814;6.3390507698059
384;Perennifolio;4.39160680770874;2.40000009536743;0;0.219999998807907;1.27577543258666
136078;Semicaducifolio;9.25427150726318;6.40000009536743;0;1.53999996185302;1.21511936187744
19635;Perennifolio;1.86466705799102;1.39999997615814;0;0.479999989271164;0.860532701015472
66876;Perennifolio;2.04099321365356;1.10000002384185;0;0.200000002980232;1.1223622560501
161466;Semicaducifolio;15.2444944381713;10.6000003814697;2.28999996185302;2.6800000667572;5.41254568099975
58211;Perennifolio;8.94587802886962;3.40000009536743;0.280000001192093;0.409999996423721;2.11835384368896
64155;Caducifolio;4.05566024780273;2.70000004768371;0.310000002384186;0.409999996423721;1.68284583091735
65158;Perennifolio;2.68703889846801;2.40000009536743;0;0.610000014305114;0.443536192178726
27287;Caducifolio;3.82077503204345;5.19999980926513;0;0.540000021457672;1.21609342098236
75635;Perennifolio;6.32008647918701;4;0;0.5;0.621868193149566
157206;Semicaducifolio;4.57469511032104;3;0.150000005960464;0.730000019073486;2.12800335884094
148235;Semicaducifolio;9.15775680541992;5.69999980926513;0.5;0.730000019073486;3.94988083839416
120794;Perennifolio;1.52999997138977;0.949999988079071;0;0.200000002980232;0.899999976158142
58166;Caducifolio;1.8067307472229;1.39999997615814;0;0.730000019073486;1.06307709217071
140660;Caducifolio;5.75467538833618;5.69999980926513;0.540000021457672;0.550000011920928;1.97003030776977
116277;Perennifolio;8.89278984069824;11.8000001907348;1.21000003814697;1.52999997138977;2.73624300956726
86442;Caducifolio;3.79151654243469;4;0.280000001192093;0.660000026226043;1.71242558956146
16072;Perennifolio;3.74885725975036;3.59999990463256;0;0.649999976158142;0.931446850299835
20959;Caducifolio;3.84900546073913;3.20000004768371;0.349999994039536;0.52999997138977;1.83440864086151
165802;Caducifolio;6.46101999282836;4.59999990463256;0.850000023841857;0.819999992847442;2.36992859840393
24835;Caducifolio;1.70008718967437;0.949999988079071;0;0.109999999403954;0.378873556852341
63893;Caducifolio;6.3032898902893;5;0.550000011920928;1.10000002384185;3.19338583946228
9649;Caducifolio;1.97486221790313;2.29999995231628;0;0.370000004768372;1.18298745155334
77355;Caducifolio;2.50055503845214;2.79999995231628;0;0.219999998807907;0.825949251651763
70738;Perennifolio;1.57000005245208;1.70000004768371;0;0.300000011920929;0.5
6003;Perennifolio;1.8257360458374;1.20000004768371;0;0.319999992847443;0.838583648204803
115522;Caducifolio;1.74508726596832;1.25;0;0.310000002384186;0.158145695924759
148601;Caducifolio;1.60000002384185;1;0;0.219999998807907;0.639999985694885
60731;Caducifolio;4.10091018676757;2.5;0.349999994039536;0.5;2.02366232872009
133686;Semicaducifolio;12.6381292343139;5.69999980926513;1.5;1.99000000953674;2.95047736167907
121154;Caducifolio;1.70000004768371;1.89999997615814;0;0.300000011920929;0.699999988079071
166990;Caducifolio;1.5;1.10000002384185;0;0.0900000035762787;0.400000005960464
135573;Semicaducifolio;7.10929536819458;6.40000009536743;0.680000007152557;1.02999997138977;1.83501887321472
121899;Caducifolio;2.85301399230957;3.70000004768371;0;0.639999985694885;1.07042360305786
123588;Perennifolio;1.39999997615814;1.10000002384185;0;0.150000005960464;0.400000005960464
161180;Semicaducifolio;13.9939432144165;10.6999998092651;1.5900000333786;1.02999997138977;6.07237577438354
39142;Perennifolio;4.46271514892578;3.40000009536743;0.319999992847443;0.319999992847443;3.16867804527282
5839;Caducifolio;2.93701934814453;2.79999995231628;0.200000002980232;0.419999986886978;1.45760953426361
55182;Perennifolio;4.6862244606018;3;0.230000004172325;0.519999980926513;1.70549261569976
110802;Caducifolio;3.72132992744445;3.09999990463256;0;0.819999992847442;1.23738670349121
147711;Caducifolio;1.82987809181213;2.40000009536743;0;0.239999994635582;0.851201355457305
81477;Caducifolio;3.2425410747528;3.09999990463256;0.140000000596046;0.319999992847443;1.37731039524078
57832;Caducifolio;3.96412777900695;3.09999990463256;0.200000002980232;0.600000023841857;1.79690730571746
68462;Perennifolio;1.47000002861022;1.10000002384185;0;0.509999990463256;0.519999980926513
35400;Perennifolio;3.34130501747131;1.39999997615814;0;0.280000001192093;1.22272062301635
153631;Semicaducifolio;8.40482807159423;6.80000019073486;1.25;1.39999997615814;2.37751150131225
78063;Perennifolio;3.40523982048034;2.20000004768371;0.360000014305115;0.379999995231628;1.97003030776977
158688;Semicaducifolio;18.049087524414;13;2.13000011444091;2.75;5.25093126296997
140727;Semicaducifolio;8.97184658050537;3.29999995231628;1.10000002384185;1.29999995231628;3.80597853660583
121311;Perennifolio;2.64508962631225;1.29999995231628;0;0.77999997138977;0.349956572055817
12935;Perennifolio;2.88675427436828;2;0;0.889999985694885;1.16628181934356
114972;Perennifolio;1.84327781200408;1.70000004768371;0;0.400000005960464;0.371365189552307
142574;Caducifolio;2.02090001106262;1;0;0.0900000035762787;0.865342617034912
151537;Semicaducifolio;7.5556092262268;7.09999990463256;0.479999989271164;0.550000011920928;2.16368341445922
45179;Perennifolio;7.36365270614624;5.80000019073486;1.04999995231628;1.29999995231628;4.42065954208374
140113;Semicaducifolio;8.66341590881347;9.88000011444091;0.930000007152557;1.13999998569488;2.16895699501037
70696;Perennifolio;2.33921313285827;1.95000004768371;0;0.379999995231628;1.15769171714782
89948;Perennifolio;8.84926986694335;5.80000019073486;0.850000023841857;0.709999978542327;2.81169009208679
117509;Perennifolio;6.9843578338623;4.09999990463256;0.389999985694885;0.430000007152557;1.62426924705505
64605;Caducifolio;3.27459049224853;3.90000009536743;0;0.509999990463256;0.619315683841705
75399;Perennifolio;9.18791198730468;4.80000019073486;0.6700000166893;0.800000011920928;2.09695172309875
94754;Perennifolio;12.7362737655639;2;0.52999997138977;0.810000002384185;5.98969078063964
161159;Semicaducifolio;21.2888202667236;18.7000007629394;2.41000008583068;3.07999992370605;4.73746347427368
160979;Caducifolio;5.9902377128601;6.59999990463256;0.720000028610229;0.569999992847442;1.7379548549652
165265;Caducifolio;3.18936371803283;4.09999990463256;0;0.46000000834465;0.669570565223693
132840;Caducifolio;7.76118326187133;5.80000019073486;0.439999997615814;0.75;2.04640126228332
159432;Semicaducifolio;17.25;9.39999961853027;1.73000001907348;1.8400000333786;17.25
78724;Caducifolio;1.93007767200469;2.79999995231628;0;0.699999988079071;1.16182076930999
80818;Caducifolio;5.17135715484619;3.75;0.259999990463257;0.319999992847443;2.31023621559143
60110;Perennifolio;2.63488674163818;1.95000004768371;0;0.270000010728836;1.05976665019989
92100;Perennifolio;2.68299436569213;2.19000005722045;0;0.280000001192093;1.24161624908447
122489;Perennifolio;2.37147545814514;1.13999998569488;0;0.119999997317791;0.808540523052215
133294;Semicaducifolio;1.39999997615814;0.899999976158142;0;0.180000007152557;0.5
78321;Caducifolio;1.82987809181213;;0;0.170000001788139;0.991353631019592
148413;Caducifolio;6.4277286529541;6.03000020980834;0.439999997615814;0.5;2.6278851032257
165955;Caducifolio;2.34738779067993;2.20000004768371;0;0.899999976158142;0.628404021263122
55587;Perennifolio;2.02090001106262;1.29999995231628;0;0.170000001788139;0.865342617034912
37179;Caducifolio;3.83700275421142;2.5;0.129999995231628;0.610000014305114;2.05480122566223
82396;Caducifolio;3.45453023910522;1.70000004768371;0.150000005960464;0.200000002980232;1.82423603534698
150801;Caducifolio;3.67366075515747;2.40000009536743;0.629999995231628;0.660000026226043;1.60769510269165
134307;Semicaducifolio;5.44031333923339;5.5;0.419999986886978;0.639999985694885;2.21807479858398
118870;Caducifolio;3.77840900421142;2.59999990463256;0.270000010728836;0.730000019073486;1.77718925476074
151605;Semicaducifolio;11.3774518966674;9.60000038146972;1.49000000953674;1.79999995231628;4.73115968704223
78528;Perennifolio;3.52653956413269;2;0.28999999165535;0.509999990463256;1.41406214237213
114944;Perennifolio;6.10535860061645;3.34999990463256;0.300000011920929;0.360000014305115;2.58470273017883
112434;Caducifolio;3.50374698638916;2.79999995231628;0;0.180000007152557;0.579034984111785
56821;Caducifolio;2.96827816963195;1.20000004768371;0;0.720000028610229;0.47499805688858
136706;Semicaducifolio;18.668098449707;11.1999998092651;2.04999995231628;2.56999993324279;8.21160316467285
134611;Semicaducifolio;14.404483795166;12;2.48000001907348;1.5900000333786;4.73115968704223
155173;Semicaducifolio;4.25654983520507;2;0.129999995231628;0.209999993443489;1.93782043457031
165605;Semicaducifolio;7.16822385787963;6.90000009536743;0.939999997615814;1.04999995231628;1.41673922538757
137051;Semicaducifolio;19.4282112121582;13;2.38000011444091;2.40000009536743;2.8154170513153
135498;Semicaducifolio;18.473928451538;12.6999998092651;2.14000010490417;1.98000001907348;8.29177665710449
42680;Perennifolio;1.79690730571746;1.60000002384185;0;0.230000004172325;1.16628181934356
156901;Caducifolio;7.48689365386962;6.80000019073486;0.709999978542327;0.839999973773956;3.52764749526977
17668;Perennifolio;1.44000005722045;1.39999997615814;0;0.230000004172325;0.5
135465;Caducifolio;3.87021541595458;7.59999990463256;0.379999995231628;0.349999994039536;1.4176081418991
140945;Caducifolio;3.6551969051361;3.40000009536743;0.28999999165535;0.509999990463256;1.59619927406311
138987;Semicaducifolio;15.8555908203125;13.1000003814697;1.55999994277954;1.99000000953674;8.58205032348632
161263;Semicaducifolio;0.560000002384185;0.560000002384185;0;0.0299999993294477;0.360000014305115
42727;Perennifolio;1.45000004768371;0.949999988079071;0;0.239999994635582;1.04999995231628
85256;Perennifolio;3.6694118976593;2.5;0.589999973773956;0.699999988079071;1.92966508865356
69993;Caducifolio;3.40000009536743;2.5;0.300000011920929;0.400000005960464;1.39999997615814
65102;Perennifolio;6.77633142471313;5;0.519999980926513;0.839999973773956;3.05267238616943
152297;Semicaducifolio;11.6926918029785;5.5;0.949999988079071;1.29999995231628;8.75968265533447
9992;Perennifolio;2.82811617851257;1.89999997615814;0;0.540000021457672;0.944492876529693
100043;Perennifolio;17.4953002929687;6.42000007629394;1.32000005245208;1.62000000476837;6.58865976333618
81807;Caducifolio;3.90518712997436;4.30000019073486;0.349999994039536;0.77999997138977;1.86056280136108
128950;Caducifolio;0.899999976158142;0.5;0;0.0399999991059303;0.300000011920929
85387;Perennifolio;2.80705571174621;2.70000004768371;0;0.5;0.654793679714202
144413;Caducifolio;5.76845359802246;4.30000019073486;0.400000005960464;0.5;2.50832438468933
136144;Semicaducifolio;15.299015045166;12.3000001907348;1.30999994277954;1.48000001907348;4.25804376602172
137639;Semicaducifolio;18.9793128967285;20.6000003814697;2.40000009536743;3.20000004768371;7.3172116279602
46915;Caducifolio;2.68036699295043;2.70000004768371;0.159999996423721;0.209999993443489;1.42124390602111
24456;Caducifolio;1.95223581790924;1.62000000476837;0.25;0.379999995231628;1.56323337554931
118265;Caducifolio;6.10517168045043;7.71999979019165;0;1.15999996662139;0.176803261041641
47090;Perennifolio;8.57771873474121;5.5;0.310000002384186;0.389999985694885;1.99393081665039
142435;Semicaducifolio;7.65751934051513;5.09999990463256;0.810000002384185;0.959999978542327;2.37434077262878
160501;Semicaducifolio;4.81844520568847;4.40000009536743;0;0.759999990463256;1.22484123706817
29490;Caducifolio;3.66900968551635;1.60000002384185;0;0.119999997317791;0.848412930965423
60203;Perennifolio;1.90061330795288;2.40000009536743;0;0.409999996423721;1.0614914894104
80570;Perennifolio;1.70000004768371;1.60000002384185;0;0.600000023841857;0.5
145747;Caducifolio;2.55403852462768;1.29999995231628;0.0799999982118607;0.159999996423721;1.68374121189117
68596;Perennifolio;3.65987038612365;2;0.300000011920929;0.370000004768372;1.52100229263305
147885;Caducifolio;3.67465424537658;3.20000004768371;0.270000010728836;0.589999973773956;1.47345268726348
162020;Caducifolio;10.5566415786743;;1.66999995708465;1.26999998092651;3.66881728172302
125109;Perennifolio;2.72476840019226;2.29999995231628;0;0.430000007152557;1.00365674495697
52004;Caducifolio;3.52392673492431;3.90000009536743;0.300000011920929;0.629999995231628;1.92711579799652
152401;Caducifolio;3.33035206794738;2.5;0.259999990463257;0.379999995231628;2.02090001106262
150307;Semicaducifolio;7.67803907394409;7.26000022888183;0.879999995231628;0.75;1.98182034492492
82325;Caducifolio;2.12832736968994;2.54999995231628;0.200000002980232;0.270000010728836;1.42412900924682
65017;Perennifolio;2.24540424346923;2.40000009536743;0;0.389999985694885;0.770165681838989
140453;Semicaducifolio;8.42899799346923;4.80000019073486;0.52999997138977;0.490000009536743;3.97446513175964
142564;Caducifolio;2.13818335533142;2;0;0.280000001192093;0.98203682899475
56945;Perennifolio;2.85654401779174;3.20000004768371;0;1.41999995708465;1.23424196243286
152895;Semicaducifolio;6.03613138198852;4;0.270000010728836;0.649999976158142;2.63488674163818
146601;Semicaducifolio;3.48669862747192;4;0;1.89999997615814;0.806255757808685
116915;Perennifolio;1.04999995231628;0.25;0;0.0299999993294477;0.25
1069;Caducifolio;4.15558910369873;4.19999980926513;0.360000014305115;0.560000002384185;1.74529600143432
10463;Perennifolio;1.54999995231628;1.29999995231628;0;0.6700000166893;0.649999976158142
40777;Perennifolio;7.16748857498168;3;0.490000009536743;0.600000023841857;3.44222354888916
154534;Semicaducifolio;7.98137044906616;4.40000009536743;0.600000023841857;0.970000028610229;3.05836486816406
70709;Perennifolio;2.33242392539978;1.49000000953674;0;0.699999988079071;0.54138159751892
132624;Semicaducifolio;11.0277471542358;7.19999980926513;0.699999988079071;1;3.44222354888916
159660;Semicaducifolio;28.4150104522705;17.2999992370605;2.79999995231628;3.33999991416931;7.15403699874877
162706;Caducifolio;3.78681230545043;3;0.769999980926513;0.610000014305114;2.28031969070434
27932;Perennifolio;1.36000001430511;0.829999983310699;0;0.340000003576279;0.819999992847442
14019;Perennifolio;1.64999997615814;0.899999976158142;0;0.180000007152557;0.479999989271164
157249;Semicaducifolio;7.37461185455322;4.40000009536743;0.649999976158142;1.01999998092651;3.41828966140747
158069;Semicaducifolio;15.6870708465576;11;0.899999976158142;0.930000007152557;5.3684344291687
144271;Caducifolio;2.00826859474182;2;0;0.400000005960464;0.848437249660491
58705;Perennifolio;1.85759425163269;2.20000004768371;0;0.699999988079071;0.503217577934265
8390;Caducifolio;1.32000005245208;1.20000004768371;0;0.0399999991059303;0.850000023841857
75458;Caducifolio;2.85036611557006;3;0.200000002980232;0.330000013113022;1.84670948982238
118391;Perennifolio;14.3773326873779;10.8000001907348;0.800000011920928;0.899999976158142;4.46981859207153
61062;Caducifolio;7.16518211364746;5.09999990463256;0.5;0.709999978542327;2.38407373428344
134153;Semicaducifolio;23.5032119750976;6.80000019073486;1.79999995231628;1.97000002861022;2.01852130889892
138317;Caducifolio;3.38058543205261;3.40000009536743;0.259999990463257;0.330000013113022;2.31022119522094
60995;Perennifolio;1.70000004768371;1.29999995231628;0;0.259999990463257;0.400000005960464
4862;Perennifolio;1.73558819293975;1;0;0.600000023841857;0.822343170642852
64543;Caducifolio;3.18287467956542;3;0.270000010728836;0.469999998807907;1.57673108577728
41511;Perennifolio;7.91042613983154;7.59999990463256;1.45000004768371;2.09999990463256;4.81271982192993
151622;Semicaducifolio;13.1450796127319;6.69999980926513;1.08000004291534;1.49000000953674;3.1540982723236
154096;Caducifolio;1.60000002384185;1.29999995231628;0;0.370000004768372;0.5
51942;Perennifolio;7.46454715728759;3;0.629999995231628;1.14999997615814;3.16188335418701
159498;Caducifolio;4.55000019073486;;0.25;0.280000001192093;1.53999996185302
133151;Semicaducifolio;6.28553104400634;3.79999995231628;0.509999990463256;0.430000007152557;2.31229329109191
158076;Semicaducifolio;20.7376995086669;20.5;5.3600001335144;4.40000009536743;5.12297105789184
128302;Caducifolio;1.5;0.800000011920928;0;0.109999999403954;1
111582;Caducifolio;1.05999994277954;0.610000014305114;0;0.00999999977648258;0.540000021457672
163222;Caducifolio;4.98885440826416;4.69000005722045;0.699999988079071;0.810000002384185;1.72111177444458
62024;Perennifolio;2.66224980354309;1.15999996662139;0.180000007152557;0.189999997615814;2.02090001106262
134583;Semicaducifolio;7.72888469696044;5.5;0.430000007152557;0.610000014305114;2.25986695289611
160972;Semicaducifolio;2.30999994277954;1.20000004768371;0;0.25;0.839999973773956
138218;Semicaducifolio;22.0538501739501;14.1999998092651;2.89000010490417;2.60999989509582;9.08609867095947
138515;Semicaducifolio;6.76092672348022;3;0.270000010728836;0.479999989271164;2.70209574699401
53846;Caducifolio;1.84974837303161;1.88999998569488;0;0.109999999403954;1.10731637477874
111881;Perennifolio;2.344402551651;1.60000002384185;0;0.629999995231628;1.08276319503784
133031;Semicaducifolio;4.55312061309814;3;0.239999994635582;0.419999986886978;2.33921313285827
159125;Semicaducifolio;13.5162601470947;11.4200000762939;1.38999998569488;1.5900000333786;5.55595731735229
144068;Caducifolio;7.39475297927856;9;0.620000004768371;0.800000011920928;2.31514406204223
57871;Perennifolio;7.14495372772216;3.5;0.379999995231628;0.620000004768371;2.04054307937622
11020;Caducifolio;2.23267531394958;1.70000004768371;0;0.170000001788139;0.865342617034912
116483;Perennifolio;14.6342935562133;6;0.970000028610229;1.15999996662139;4.91292476654052
111898;Perennifolio;2.69032740592956;2.25;0;0.449999988079071;1.11117303371429
162968;Caducifolio;9.27204704284667;8.5;1.23000001907348;0.990000009536743;3.39455509185791
116585;Caducifolio;2.92261624336242;2.79999995231628;0;0.519999980926513;1.01361668109893
134040;Semicaducifolio;14.7240009307861;12;1.75;2.13000011444091;3.97420525550842
10764;Caducifolio;2.22424364089965;1.5;0;0.280000001192093;0.108319967985153
151924;Caducifolio;3.5309739112854;2.99000000953674;0;0.560000002384185;0.706140220165252
141163;Caducifolio;4.86267471313476;4.5;0.740000009536743;0.769999980926513;1.42984724044799
84158;Perennifolio;7.88903045654296;3.40000009536743;0.340000003576279;1.07000005245208;2.28100085258483
139830;Semicaducifolio;6.77188348770141;6.30000019073486;0.819999992847442;1.40999996662139;2.36123204231262
86044;Caducifolio;1.99569463729858;1.70000004768371;0;0.400000005960464;0.393686264753342
2758;Caducifolio;1.97335577011108;1.10000002384185;0.119999997317791;0.129999995231628;1.49290943145751
10075;Perennifolio;1.62999999523162;1.20000004768371;0;0.379999995231628;1
139993;Caducifolio;1.25;1.5;0;0.239999994635582;0.349999994039536
44854;Perennifolio;1.55999994277954;1.60000002384185;0;0.239999994635582;0.540000021457672
68089;Perennifolio;16.8508396148681;16.6000003814697;1.79999995231628;2.29999995231628;3.93396973609924
71406;Perennifolio;3.02696871757507;1.8400000333786;0;0.449999988079071;0.503360033035278
151400;Caducifolio;4.4323444366455;4.59999990463256;0.870000004768371;0.680000007152557;2.35771656036376
34379;Caducifolio;1.89957809448242;1.79999995231628;0;0.850000023841857;0.0950381681323051
154346;Semicaducifolio;11.3334140777587;5.59999990463256;0.629999995231628;0.899999976158142;3.47805047035217
118772;Perennifolio;1.15999996662139;1.33000004291534;0;0.330000013113022;0.52999997138977
44225;Perennifolio;5.24404859542846;3.09999990463256;0.550000011920928;0.569999992847442;1.75461602210998
149211;Caducifolio;2.84233927726745;3.20000004768371;0;0.340000003576279;0.518378317356109
154804;Semicaducifolio;7.53711700439453;4.30000019073486;0.970000028610229;1.10000002384185;1.9700185060501
164129;Semicaducifolio;0.540000021457672;0.5;0;0.100000001490116;0.100000001490116
124675;Caducifolio;1.9829317331314;1.60000002384185;0;0.140000000596046;1.00365674495697
9099;Perennifolio;1.70000004768371;1.14999997615814;0;0.319999992847443;0.75
86279;Caducifolio;2.14883065223693;1.5;0.0799999982118607;0.180000007152557;1.51993739604949
149341;Caducifolio;5.97860670089721;4.09999990463256;0.349999994039536;0.550000011920928;3.18915081024169
135459;Semicaducifolio;2.32730269432067;1.45000004768371;0;0.219999998807907;0.440665274858475
165894;Caducifolio;2.33921313285827;1.89999997615814;0;0.300000011920929;0.652723014354705
149184;Semicaducifolio;27.2328548431396;16.3999996185302;2.86999988555908;3.59999990463256;6.20111751556396
153800;Semicaducifolio;15.9965982437133;8.56999969482421;1.40999996662139;1.62000000476837;3.75117897987365
18126;Caducifolio;1.73786687850952;1.75;0;0.449999988079071;0.579288065433502
15516;Perennifolio;15.358904838562;5.5;0.639999985694885;0.550000011920928;2.101007938385
79975;Caducifolio;1.8257360458374;1;0;0.129999995231628;1.12496662139892
24933;Perennifolio;1.35000002384185;1.33000004291534;0;0.239999994635582;0.52999997138977
75533;Perennifolio;3.78643798828125;1.10000002384185;0.119999997317791;0.150000005960464;1.82520270347595
134054;Semicaducifolio;16.8579959869384;11.0500001907348;1.75999999046325;2.39000010490417;9.61070919036865
35663;Perennifolio;3.85646128654479;2.79999995231628;0;0.589999973773956;1.27097535133361
110226;Caducifolio;7.7014832496643;9.5;1.72000002861022;1.22000002861022;1.73475861549377
59950;Perennifolio;4.05658149719238;2;0;0.259999990463257;1.17568457126617
141198;Semicaducifolio;3.59134888648986;2.56999993324279;0.910000026226043;1.15999996662139;1.32257103919982
8295;Perennifolio;2.66565704345703;2.20000004768371;0;0.340000003576279;1.05796182155609
1346;Perennifolio;14.7863616943359;7.80000019073486;1.14999997615814;1.45000004768371;2.33594727516174
164861;Caducifolio;1.12000000476837;0.52999997138977;0;0.109999999403954;0.300000011920929
46349;Caducifolio;1.83683037757873;2.79999995231628;0;0.5;1.06631362438201
25027;Perennifolio;3.13938570022583;2.59999990463256;0.189999997615814;0.639999985694885;1.62310004234313
112056;Perennifolio;1.57000005245208;0.949999988079071;0;0.200000002980232;0.649999976158142
88393;Perennifolio;2.24715924263;1.54999995231628;0;0.300000011920929;0.840003132820129
87243;Perennifolio;2.30942273139953;2.5;0;0.649999976158142;1.07203614711761
74913;Caducifolio;3.42746400833129;3;0.319999992847443;0.610000014305114;1.95556306838989
165483;Caducifolio;3.9951913356781;2.79999995231628;0.579999983310699;0.560000002384185;2.32577919960021
151360;Semicaducifolio;11.9308614730834;7.5;1;1.10000002384185;2.37823963165283
58646;Perennifolio;1.62000000476837;2.09999990463256;0;0.349999994039536;0.699999988079071
133215;Semicaducifolio;3.10452413558959;1.29999995231628;0.150000005960464;0.259999990463257;1.59955406188964
20477;Caducifolio;3.27573204040527;3.29999995231628;0.200000002980232;0.330000013113022;2.27029991149902
157514;Caducifolio;4.06247234344482;2.09999990463256;0;0.270000010728836;1.23428881168365
66346;Caducifolio;2.45319294929504;4;0.5;0.790000021457672;1.63084971904754
30141;Caducifolio;2.83061981201171;3.90000009536743;0;0.490000009536743;0.754831969738006
135823;Caducifolio;2.09247684478759;3.09999990463256;0;0.230000004172325;0.986505627632141
51912;Perennifolio;9.36353778839111;3.29999995231628;0.349999994039536;0.980000019073486;2.62546563148498
60983;Perennifolio;2.45876169204711;1.79999995231628;0;0.430000007152557;1.18142712116241
153012;Semicaducifolio;21.0512790679931;9.60000038146972;1.39999997615814;1.5900000333786;11.2609243392944
165586;Caducifolio;4.7743821144104;5.09999990463256;0;0.850000023841857;0.299439281225204
112207;Perennifolio;8.66754436492919;10.1000003814697;1.29999995231628;1.79999995231628;3.79845070838928
138046;Caducifolio;5.65446090698242;4.5;0.610000014305114;0.46000000834465;1.89420878887176
63896;Caducifolio;5.24082565307617;2.79999995231628;0.400000005960464;0.600000023841857;2.09639191627502
44114;Perennifolio;2.22362565994262;1.20000004768371;0;0.519999980926513;0.875475287437438
62582;Perennifolio;2.97419214248657;2.75;0;0.680000007152557;0.8923020362854
147811;Caducifolio;1.39999997615814;1.20000004768371;0;0.150000005960464;0.600000023841857
146971;Semicaducifolio;13.2600488662719;6;1.70000004768371;2.29999995231628;4.13863897323608
3290;Caducifolio;1.95366871356964;1.10000002384185;0;0.119999997317791;0.990111887454986
9356;Perennifolio;4.45129823684692;3.29999995231628;0;0.720000028610229;1.05976665019989
67921;Perennifolio;4.67773342132568;4.19999980926513;0.649999976158142;1.40999996662139;2.13818335533142
156429;Semicaducifolio;7.27012825012207;4.19999980926513;0.569999992847442;0.990000009536743;3.50327372550964
23474;Caducifolio;2.29699087142944;2.07999992370605;0;0.170000001788139;0.808540523052215
50285;Perennifolio;1.64999997615814;1;0;0.400000005960464;1
58359;Caducifolio;3.33636569976806;3.70000004768371;0.230000004172325;0.419999986886978;1.90651834011077
61010;Perennifolio;3.4630229473114;2.59999990463256;0.430000007152557;0.610000014305114;1.46960568428039
104504;Caducifolio;0.800000011920928;0.330000013113022;0;0.0299999993294477;0.419999986886978
149722;Caducifolio;3.67128419876098;4.5;0.180000007152557;0.340000003576279;2.22138094902038
86663;Perennifolio;2.4685776233673;1.29999995231628;0.389999985694885;0.730000019073486;1.47873425483703
58233;Perennifolio;14.3279829025268;5.69999980926513;0.5;0.660000026226043;2.88043427467346
159601;Semicaducifolio;17.9597244262695;11.3000001907348;1.25;1.60000002384185;3.19575428962707
151120;Caducifolio;4.44236183166503;5.59999990463256;0;0.569999992847442;0.648501753807067
45750;Perennifolio;4.23184776306152;2.59999990463256;0.600000023841857;0.800000011920928;2.11592388153076
102383;Perennifolio;1.60000002384185;1.29999995231628;0;0.28999999165535;0.600000023841857
68672;Perennifolio;8.97735691070556;9;0.629999995231628;0.699999988079071;1.58255553245544
64701;Perennifolio;4.25318670272827;3.20000004768371;0.400000005960464;0.800000011920928;1.89014422893524
41696;Caducifolio;2.34738779067993;1.89999997615814;0.200000002980232;0.699999988079071;1.36571049690246
62895;Caducifolio;3.60481071472167;2.70000004768371;0.159999996423721;0.209999993443489;1.68858730792999
48088;Caducifolio;1.60000002384185;1.5;0;0.300000011920929;1.10000002384185
133808;Caducifolio;4.4303708076477;5;0.310000002384186;0.46000000834465;1.54074323177337
41378;Perennifolio;2.35723757743835;2.65000009536743;0;0.400000005960464;0.790877044200897
47871;Perennifolio;2.02090001106262;1;0;0.0799999982118607;0.43800613284111
156019;Semicaducifolio;12.4847173690795;6.5;0.850000023841857;1.05999994277954;1.39853620529174
38246;Perennifolio;15.8705215454101;9.80000019073486;0.879999995231628;1.14999997615814;5.58862972259521
94325;Perennifolio;4.05351114273071;2.90000009536743;0.200000002980232;0.430000007152557;2.99133706092834
15753;Caducifolio;2.87123847007751;0.949999988079071;0;0.25;0.652696967124938
151840;Semicaducifolio;13.7669858932495;9.69999980926513;1.08000004291534;1.5;3.8518579006195
4820;Perennifolio;2.05417466163635;1.20000004768371;0;0.469999998807907;0.914730608463287
114436;Perennifolio;0.400000005960464;0.189999997615814;0;0.00999999977648258;0.0500000007450581
19533;Perennifolio;3.07687044143676;2.15000009536743;0;0.910000026226043;0.591148793697357
140326;Caducifolio;3.24178338050842;3.70000004768371;0.200000002980232;0.419999986886978;1.47752273082733
163249;Caducifolio;3.16867804527282;2.40000009536743;0.519999980926513;0.400000005960464;1.93782043457031
64452;Caducifolio;3.59475064277648;4.59999990463256;0;0.810000002384185;1.29020452499389
38363;Perennifolio;1.75405490398406;1.29999995231628;0;0.379999995231628;1.17580807209014
42792;Perennifolio;3.59043931961059;3.20000004768371;0.310000002384186;0.509999990463256;2.33256363868713
166267;Caducifolio;8.30694484710693;5.90000009536743;0.600000023841857;0.709999978542327;2.36123204231262
11521;Perennifolio;3.48638653755187;1.89999997615814;0;0.360000014305115;0.901918351650238
147384;Caducifolio;1.98367691040039;1.29999995231628;0;0.140000000596046;0.567297101020812
164501;Semicaducifolio;3.01979660987854;1.10000002384185;0.0299999993294477;0.0399999991059303;1.73484694957733
149426;Caducifolio;4.05351114273071;4.80000019073486;0.129999995231628;0.319999992847443;1.66551208496093
15912;Perennifolio;16.8579959869384;3.09999990463256;0.910000026226043;0.990000009536743;2.09588527679443
76418;Perennifolio;2.52785849571228;1.5;0;0.400000005960464;0.688595652580261
52581;Caducifolio;3.64987516403198;4.92999982833862;0.230000004172325;0.540000021457672;1.57400870323181
135911;Semicaducifolio;11.4310884475708;10;1.29999995231628;1.5;5.71510505676269
153348;Semicaducifolio;14.2533521652221;13.1999998092651;1.22000002861022;1.44000005722045;3.45503330230712
133946;Caducifolio;3.49172163009643;6.75;0.419999986886978;0.5;1.61607730388641
149329;Semicaducifolio;11.3917713165283;13.6000003814697;1.66999995708465;1.92999994754791;7.12004804611206
116233;Caducifolio;4.12408351898193;4.09999990463256;0.550000011920928;0.52999997138977;1.57415473461151
106787;Perennifolio;3.94671154022216;3.59999990463256;0.479999989271164;0.479999989271164;2.55067873001098
93347;Perennifolio;3.17959904670715;2.79999995231628;0;0.52999997138977;1.22618007659912
75838;Perennifolio;5.60837411880493;3.5;0.519999980926513;0.560000002384185;1.84670948982238
146256;Semicaducifolio;8.42899799346923;4.19999980926513;0.720000028610229;0.980000019073486;2.6278851032257
38625;Perennifolio;3.82028222084045;1.75;0.379999995231628;0.430000007152557;1.88898575305938
84547;Caducifolio;5.04171895980834;4.69999980926513;0.379999995231628;0.550000011920928;1.90122973918914
141105;Semicaducifolio;4.47704267501831;3.42000007629394;0.6700000166893;0.870000004768371;2.45569133758544
111740;Caducifolio;3.43026232719421;3.40000009536743;0;0.610000014305114;1.24469721317291
134388;Semicaducifolio;4.6457781791687;2.90000009536743;1.3400000333786;1.5;3.05137467384338
106021;Perennifolio;2.5;1.54999995231628;0;0.340000003576279;1.04999995231628
143745;Caducifolio;1.86526715755462;0.800000011920928;0.0599999986588955;0.0599999986588955;1.60178482532501
140214;Caducifolio;1.70000004768371;1.79999995231628;0;0.28999999165535;0.600000023841857
35714;Perennifolio;3.05730676651;1.99000000953674;0;0.319999992847443;0.524077773094177
164605;Caducifolio;1.60000002384185;0.899999976158142;0;0.0900000035762787;0.899999976158142
31929;Perennifolio;5.06306266784667;3.40000009536743;0.370000004768372;0.46000000834465;2.0965769290924
29885;Caducifolio;3.11402106285095;4.09999990463256;0.560000002384185;0.389999985694885;1.40671598911285
31971;Perennifolio;1.79466927051544;1.29999995231628;0;0.140000000596046;0.953231513500213
157492;Semicaducifolio;4.15391492843627;4.30000019073486;0.419999986886978;0.5;2.01804423332214
160137;Semicaducifolio;19.2941570281982;17.5300006866455;3.47000002861022;2.77999997138977;8.80165481567382
77729;Caducifolio;1.71898388862609;1.79999995231628;0;0.25;0.737306475639343
144649;Semicaducifolio;10.4371891021728;7.5;0.6700000166893;1.07000005245208;2.00978326797485
47863;Perennifolio;3.94523072242736;2.5;0.600000023841857;0.800000011920928;2.02366232872009
149285;Semicaducifolio;24.7044258117675;11;2.40000009536743;3.20000004768371;7.38761377334594
68446;Perennifolio;5.85769510269165;4.69999980926513;0.490000009536743;1.02999997138977;2.45645070075988
164198;Caducifolio;4.09362268447875;3.40000009536743;0.28999999165535;0.370000004768372;2.39430975914001
173;Perennifolio;2.11445689201354;1.29999995231628;0;0.419999986886978;0.714208602905273
44573;Perennifolio;3.69380688667297;2.59999990463256;0.400000005960464;0.550000011920928;2.38307881355285
91495;Perennifolio;6.56549787521362;4.80000019073486;1.14999997615814;0.959999978542327;2.43419814109802
161397;Semicaducifolio;5.85769510269165;5.59999990463256;1.58000004291534;1.96000003814697;2.45645070075988
74441;Caducifolio;4.03185272216796;3;0;0.5;0.111727140843868
60247;Perennifolio;2.95047736167907;2;0;0.610000014305114;1.27171993255615
144223;Semicaducifolio;12.2442007064819;11.8000001907348;1.13999998569488;1.79999995231628;4.35676574707031
22893;Perennifolio;2.17544484138488;1.20000004768371;0;0.270000010728836;0.985009253025054
71008;Perennifolio;4.38551807403564;3.40000009536743;0.730000019073486;0.730000019073486;1.44092106819152
14448;Perennifolio;2.72476840019226;1.60000002384185;0;0.629999995231628;1.24922287464141
120330;Perennifolio;1.0900000333786;1.13999998569488;0;0.330000013113022;0.479999989271164
52718;Caducifolio;3.79575657844543;5;0.349999994039536;0.730000019073486;2.16807699203491
108249;Caducifolio;2.68790173530578;2.5;0.300000011920929;0.479999989271164;1.4922137260437
151894;Semicaducifolio;7.23645162582397;6.90000009536743;0.479999989271164;0.819999992847442;3.72112560272216
34706;Perennifolio;3.46106362342834;3;0;0.430000007152557;1.2585152387619
3703;Perennifolio;2.82270860671997;2.5;0;0.25;1.20076882839202
134010;Caducifolio;2.48622274398803;2.5;0;0.319999992847443;0.557992041110992
29687;Caducifolio;1.77602016925811;1.20000004768371;0;0.209999993443489;1.20211744308471
151865;Caducifolio;1.60000002384185;2.15000009536743;0;0.180000007152557;0.600000023841857
116434;Perennifolio;7.55709648132324;2.79999995231628;0.479999989271164;0.46000000834465;1.67875730991363
139488;Caducifolio;3.26373839378356;1.5;0.310000002384186;0.280000001192093;1.62735772132873
78912;Perennifolio;6.01118898391723;3;0.25;0.479999989271164;2.37139797210693
57106;Perennifolio;2.85451698303222;2;0;0.439999997615814;0.96418160200119
153929;Caducifolio;3.69863605499267;5.40000009536743;0.310000002384186;0.519999980926513;1.55504250526428
153554;Caducifolio;3.76233386993408;4.80000019073486;0.25;0.479999989271164;1.61008143424987
58144;Caducifolio;4.43614959716796;2.59999990463256;0.28999999165535;0.639999985694885;1.72320079803466
5304;Perennifolio;1.81695282459259;0.600000023841857;0;0.5;1.21463072299957
151551;Caducifolio;2.72072410583496;2.29999995231628;0;0.400000005960464;1.13686907291412
139879;Semicaducifolio;3.48445773124694;1.70000004768371;0.119999997317791;0.200000002980232;1.74222886562347
49577;Perennifolio;1.57000005245208;1.40999996662139;0;0.910000026226043;0.680000007152557
163662;Caducifolio;6.93474912643432;3.59999990463256;0.699999988079071;0.600000023841857;2.67359662055969
87664;Perennifolio;3.3635401725769;1.79999995231628;0;0.569999992847442;1.24345052242279
7864;Caducifolio;2.82396149635314;1.89999997615814;0;0.319999992847443;1.20306992530822
81495;Caducifolio;1.48000001907348;0.899999976158142;0;0.400000005960464;0.5
87872;Perennifolio;1.72726511955261;1.36000001430511;0;0.150000005960464;0.453837692737579
52341;Caducifolio;5.40297222137451;6.53000020980834;1.03999996185302;0.839999973773956;2.11247754096984
136393;Caducifolio;1.86451077461242;3;0;0.349999994039536;0.750261723995208
128146;Caducifolio;1.5;0.699999988079071;0;0.0700000002980232;0.600000023841857
65500;Perennifolio;17.4833583831787;3.79999995231628;1.20000004768371;1.60000002384185;10.6039981842041
36029;Perennifolio;2.12659335136413;1.10000002384185;0;0.180000007152557;0.652723014354705
109692;Perennifolio;1.85228943824768;1.60000002384185;0;0.449999988079071;0.775128185749053
166907;Caducifolio;1.70000004768371;1.5;0;0.100000001490116;0.899999976158142
141610;Caducifolio;3.68042540550231;2.5;0.330000013113022;0.600000023841857;2.34461188316345
154065;Semicaducifolio;9.0743236541748;4.09999990463256;1.39999997615814;0.639999985694885;2.81191849708557
139734;Semicaducifolio;5.54301929473876;4.5;0.699999988079071;0.939999997615814;2.55392980575561
149336;Semicaducifolio;17.6883602142333;16.1000003814697;1.96000003814697;2.66000008583068;6.16938161849975
76709;Perennifolio;2.12624239921569;2.09999990463256;0;0.419999986886978;0.62881976366043
151855;Semicaducifolio;3.32816743850708;2.5;0;0.419999986886978;0.764450132846832
134716;Semicaducifolio;12.228684425354;7.69999980926513;0.769999980926513;0.910000026226043;3.88129138946533
47378;Perennifolio;7.77767086029052;5.30000019073486;0;0.419999986886978;1.07084834575653
75944;Caducifolio;1.93423461914062;1.20000004768371;0;0.0700000002980232;0.973033905029296
128515;Caducifolio;1.5;0.5;0;0.0599999986588955;0.600000023841857
138981;Semicaducifolio;24.5369338989257;16;2.16000008583068;2.65000009536743;8.34637641906738
68174;Perennifolio;1.8971300125122;1;0;0.46000000834465;0.638062000274658
111565;Caducifolio;1.32000005245208;0.560000002384185;0;0.0700000002980232;0.6700000166893
133172;Semicaducifolio;5.53796339035034;6;1.60000002384185;1.29999995231628;1.92592895030975
140095;Caducifolio;7.37555599212646;7.07000017166137;1.23000001907348;0.970000028610229;3.8119294643402
166091;Caducifolio;0.5;0.349999994039536;0;0;0.100000001490116
40164;Perennifolio;13.8959236145019;3.5;0.600000023841857;0.77999997138977;3.14830946922302
78593;Perennifolio;8.51309967041015;6.5;0.579999983310699;1.16999995708465;4.22495508193969
111521;Caducifolio;0.77999997138977;0.52999997138977;0;0.0299999993294477;0.400000005960464
33776;Perennifolio;1.36000001430511;1;0;0.769999980926513;0.400000005960464
47940;Perennifolio;2.44627475738525;1.25;0;0.189999997615814;0.329686164855957
140476;Caducifolio;10.1024723052978;8.39999961853027;0.970000028610229;1.15999996662139;2.60213804244995
38827;Caducifolio;2.02829074859619;2;0;0.600000023841857;0.914063572883605
57137;Perennifolio;3.18700361251831;2;0;0.810000002384185;1.22568702697753
145268;Caducifolio;4.910728931427;3.09999990463256;0.330000013113022;0.349999994039536;1.82520270347595
17022;Perennifolio;3.64458227157592;1.89999997615814;0;0.629999995231628;0.250503033399582
40132;Perennifolio;12.9455413818359;3.90000009536743;0.600000023841857;0.800000011920928;3.14830946922302
4561;Perennifolio;1.86690247058868;0.800000011920928;0;0.200000002980232;1.20076882839202
41019;Perennifolio;1.92790389060974;1.5;0;0.479999989271164;0.365940123796463
117913;Caducifolio;6.99543285369873;9;1.8400000333786;1.27999997138977;2.54244804382324
84066;Perennifolio;2.82211804389953;1.20000004768371;0.259999990463257;0.319999992847443;1.55504250526428
122530;Caducifolio;2.40098094940185;2.40000009536743;0.629999995231628;0.52999997138977;1.42124390602111
62746;Caducifolio;5.42248487472534;5.48000001907348;0.389999985694885;0.699999988079071;2.45873093605041
86725;Perennifolio;2.00826859474182;2.06999993324279;0;0.610000014305114;1.05796182155609
132685;Semicaducifolio;1.70000004768371;1.5;0;0.620000004768371;0.699999988079071
14328;Perennifolio;1.45000004768371;0.870000004768371;0;0.280000001192093;0.77999997138977
54406;Perennifolio;1.5;1.29999995231628;0;0.5;0.600000023841857
104427;Perennifolio;1.70000004768371;1.29999995231628;0;0.219999998807907;0.600000023841857
69950;Caducifolio;4.44426107406616;4.19999980926513;0.469999998807907;0.550000011920928;1.73826277256011
137140;Semicaducifolio;12.6770095825195;10.6000003814697;1.58000004291534;1.72000002861022;7.79931163787841
44169;Caducifolio;3.10397338867187;1.79999995231628;0.140000000596046;0.370000004768372;1.36571049690246
42295;Perennifolio;7.17891120910644;4;0.699999988079071;0.709999978542327;1.92948615550994
165242;Caducifolio;9.41453742980957;9.80000019073486;1.12000000476837;1.14999997615814;3.57464480400085
123072;Perennifolio;12.6343612670898;12.5;1.29999995231628;1.44000005722045;2.56902647018432
166241;Caducifolio;6.47322750091552;6;0.839999973773956;0.769999980926513;2.90087699890136
78026;Perennifolio;4.32237768173217;2.59999990463256;0.370000004768372;0.6700000166893;1.41061580181121
63281;Caducifolio;2.01583456993103;1.89999997615814;0;0.159999996423721;1.07076251506805
141326;Caducifolio;12.3448810577392;7.30000019073486;1.32000005245208;1.39999997615814;6.14294910430908
151690;Caducifolio;4.04281711578369;6.90000009536743;0.310000002384186;0.419999986886978;1.81041467189788
64131;Perennifolio;1.77526104450225;1.39999997615814;0;0.46000000834465;0.48250538110733
138228;Semicaducifolio;1.60000002384185;1.60000002384185;0;0.519999980926513;1
140130;Semicaducifolio;3.76911044120788;2.25;0.270000010728836;0.319999992847443;1.51691353321075
145072;Caducifolio;1.42999994754791;0.810000002384185;0;0.939999997615814;0.490000009536743
44208;Perennifolio;5.85522317886352;8.32999992370605;0.980000019073486;1.30999994277954;2.33921313285827
52808;Perennifolio;3.33778047561645;3;0.180000007152557;0.649999976158142;1.50930988788604
145847;Caducifolio;2.8533775806427;3.20000004768371;0.140000000596046;0.230000004172325;1.97003030776977
141996;Caducifolio;1.95366871356964;1.85000002384185;0.109999999403954;0.200000002980232;1.33974599838256
82459;Caducifolio;1.70000004768371;0.600000023841857;0;0.0399999991059303;0.430000007152557
85634;Perennifolio;1.87968587875366;1.10000002384185;0;0.379999995231628;0.861731708049774
163888;Semicaducifolio;12.0327253341674;8.9399995803833;1.22000002861022;1.42999994754791;2.79707241058349
155155;Caducifolio;3.25029158592224;2.70000004768371;0.170000001788139;0.319999992847443;2.33556079864501
84869;Perennifolio;3.85215544700622;3.90000009536743;0;0.600000023841857;1.02474844455718
153009;Semicaducifolio;15.1387691497802;9.30000019073486;1.54999995231628;1.76999998092651;7.42335033416748
38359;Perennifolio;2.59110212326049;1.64999997615814;0;0.540000021457672;0.809031963348388
133016;Semicaducifolio;2.03468441963195;2.29999995231628;0;0.319999992847443;0.971901535987854
154508;Semicaducifolio;12.2786455154418;8.5;1.20000004768371;1.39999997615814;3.68130445480346
19352;Perennifolio;1.44000005722045;0.430000007152557;0;0.180000007152557;0.310000002384186
8198;Perennifolio;2.68790173530578;1.70000004768371;0.180000007152557;0.270000010728836;1.42175137996673
37295;Caducifolio;2.6110017299652;3;0;0.370000004768372;1.26444387435913
101012;Caducifolio;1.70000004768371;1.60000002384185;0;0.180000007152557;0.699999988079071
133240;Semicaducifolio;6.3274335861206;7;1.08000004291534;1.41999995708465;2.11852192878723
135064;Semicaducifolio;5.20986175537109;3.79999995231628;0;0.469999998807907;0.628404021263122
14385;Perennifolio;2.60327291488647;2.5;0.330000013113022;0.379999995231628;1.80891335010528
75206;Perennifolio;6.03613138198852;6.69999980926513;1.66999995708465;0.899999976158142;3.3471143245697
29796;Perennifolio;4.27432107925415;2.20000004768371;0;0.180000007152557;1.20372176170349
149911;Semicaducifolio;14.3866882324218;13;1.78999996185302;2.25;4.20935297012329
85883;Caducifolio;3.41616535186767;3.70000004768371;0.219999998807907;0.370000004768372;1.88322925567626
133360;Caducifolio;1.70000004768371;1.5;0;0.150000005960464;0.620000004768371
68361;Perennifolio;2.37139797210693;2;0;0.509999990463256;0.796118676662445
116990;Perennifolio;0.439999997615814;0.180000007152557;0;0.0199999995529652;0.200000002980232
8133;Caducifolio;1.92616522312164;1.20000004768371;0;0.129999995231628;0.620478212833404
151948;Semicaducifolio;11.6823444366455;7.90000009536743;0.6700000166893;1.16999995708465;5.66551923751831
49318;Caducifolio;5.14990043640136;5.30000019073486;0.970000028610229;1.25999999046325;2.03456330299377
69002;Perennifolio;2.47273516654968;1.70000004768371;0.119999997317791;0.439999997615814;1.32420527935028
151164;Caducifolio;5.27574062347412;6.19999980926513;1.55999994277954;1.60000002384185;1.84670948982238
43958;Caducifolio;5.59999990463256;6.5;0.270000010728836;0.720000028610229;2.20000004768371
75674;Perennifolio;1.5;1.60000002384185;0;0.129999995231628;0.439999997615814
77652;Caducifolio;4.02242088317871;6.09999990463256;0.449999988079071;0.540000021457672;1.71673047542572
154158;Caducifolio;3.54734325408935;2.70000004768371;0.180000007152557;0.310000002384186;1.98029851913452
40136;Perennifolio;4.4772629737854;1.75;0;0.219999998807907;0.376876324415207
55279;Caducifolio;5.47610282897949;8.39999961853027;0.430000007152557;0.860000014305114;2.80958461761474
55192;Perennifolio;4.16734027862548;2.29999995231628;0.310000002384186;0.479999989271164;2.12659335136413
154386;Semicaducifolio;15.1387691497802;7.80000019073486;0.860000014305114;1.53999996185302;5.40081405639648
78180;Perennifolio;7.53928089141845;3.5;0.409999996423721;0.469999998807907;3.15990471839904
47279;Caducifolio;1.39999997615814;1.29999995231628;0;0.100000001490116;0.300000011920929
111688;Caducifolio;0.439999997615814;0.330000013113022;0;0.00999999977648258;0.189999997615814
41568;Perennifolio;1.73234128952026;0.699999988079071;0.0900000035762787;0.219999998807907;1.36571049690246
67772;Caducifolio;1.70000004768371;1.5;0;0.370000004768372;0.400000005960464
138034;Semicaducifolio;15.8253564834594;8.60000038146972;0.540000021457672;0.759999990463256;8.26446437835693
44883;Perennifolio;4.19976091384887;2.5;0.419999986886978;0.46000000834465;1.82759845256805
155040;Caducifolio;4.71106338500976;3.90000009536743;0.349999994039536;0.409999996423721;1.38520920276641
165573;Semicaducifolio;6.64371824264526;5.5;1.29999995231628;1.64999997615814;3.21256971359252
111594;Perennifolio;1.70000004768371;1.5;0;0.230000004172325;0.899999976158142
67962;Caducifolio;5.70534563064575;5.40000009536743;0.46000000834465;0.649999976158142;2.99100351333618
160192;Caducifolio;2.54999995231628;1.70000004768371;0;0.980000019073486;0.300000011920929
48068;Perennifolio;2.12659335136413;1.60000002384185;0;0.699999988079071;0.759260654449462
46262;Perennifolio;1.90298926830291;1.79999995231628;0;0.189999997615814;0.422260701656342
67996;Perennifolio;10.1993436813354;6.71999979019165;1.01999998092651;1.22000002861022;5.45165920257568
93446;Perennifolio;6.98190784454345;3;0.400000005960464;0.600000023841857;3.68467593193054
144823;Semicaducifolio;2.28311252593994;1.89999997615814;0;1.25;1.05976665019989
139915;Semicaducifolio;3.07198572158813;1.70000004768371;0.949999988079071;1.10000002384185;1.31619787216186
54469;Perennifolio;1.77448105812072;1.20000004768371;0;0.200000002980232;0.893761396408081
613;Caducifolio;;2.70000004768371;0;0.25;1.02037334442138
81384;Perennifolio;2.84769916534423;1.60000002384185;0.200000002980232;0.379999995231628;1.50041675567626
40138;Perennifolio;2.55067873001098;1.20000004768371;0;0.0599999986588955;0.109057523310184
40030;Perennifolio;8.85842990875244;4.80000019073486;0.949999988079071;1.25;4.10358762741088
151112;Semicaducifolio;6.35307168960571;6.19999980926513;0;0.439999997615814;1.22334623336791
81837;Caducifolio;5.25731134414672;2.40000009536743;0.159999996423721;0.300000011920929;2.87123847007751
149876;Semicaducifolio;14.0363073348999;12.3999996185302;1.28999996185302;1.75999999046325;2.79792881011962
162054;Caducifolio;8.04957485198974;9.80000019073486;0.769999980926513;0.959999978542327;3.19635033607482
142743;Caducifolio;12.4514322280883;8;0.77999997138977;1.26999998092651;4.4766411781311
152667;Caducifolio;2.49612569808959;1.05999994277954;0;0.230000004172325;0.817385196685791
132805;Semicaducifolio;10.5366144180297;6.19999980926513;0.850000023841857;1.10000002384185;5.82929229736328
161847;Caducifolio;4.78400373458862;3.34999990463256;0.330000013113022;0.439999997615814;2.19580340385437
141756;Caducifolio;4.8650426864624;4.46000003814697;0.330000013113022;0.689999997615814;2.04640126228332
151357;Caducifolio;5.93121147155761;5.19999980926513;0.509999990463256;0.600000023841857;2.67936921119689
87408;Perennifolio;4.2885570526123;2.79999995231628;0.25;0.379999995231628;1.93007767200469
57132;Perennifolio;1.58000004291534;1.29999995231628;0;0.259999990463257;0.389999985694885
116610;Perennifolio;16.3257980346679;6;0.769999980926513;0.910000026226043;7.25591039657592
58016;Caducifolio;2.06370973587036;1.29999995231628;0;0.300000011920929;0.962024807929992
31235;Perennifolio;3.40075469017028;3.5;0.200000002980232;1.39999997615814;1.67815899848937
65684;Caducifolio;6.63235998153686;3.20000004768371;0.340000003576279;0.490000009536743;2.01286578178405
106063;Perennifolio;0.600000023841857;0.639999985694885;0;0.0199999995529652;0.28999999165535
160151;Caducifolio;3.40400004386901;4.09999990463256;0.319999992847443;0.439999997615814;1.56400001049041
141282;Caducifolio;4.74923944473266;3.69000005722045;0.430000007152557;0.77999997138977;2.06136965751647
160594;Semicaducifolio;6.44755172729492;2.79999995231628;0.300000011920929;0.579999983310699;3.05386114120483
29756;Caducifolio;4.71206617355346;3.40000009536743;0.509999990463256;0.409999996423721;1.42116963863372
62360;Perennifolio;3.48587918281555;2.01999998092651;0.259999990463257;0.370000004768372;1.76826381683349
63645;Caducifolio;2.37434077262878;2;0;0.400000005960464;1.27265584468841
118568;Caducifolio;4.84868431091308;4.09999990463256;0.540000021457672;0.430000007152557;2.63325405120849
123194;Perennifolio;6.78309535980224;3.40000009536743;0;1.15999996662139;0.322075307369232
76920;Perennifolio;3.49511361122131;2.29999995231628;0;0.439999997615814;0.998408257961273
163642;Caducifolio;2.99193596839904;3.40000009536743;0.259999990463257;0.319999992847443;1.60069835186004
157055;Semicaducifolio;5.53939199447631;5;0.959999978542327;1.20000004768371;2.42295980453491
23041;Perennifolio;1.67999994754791;1.03999996185302;0;0.600000023841857;0.5
152409;Caducifolio;2.22023463249206;3;0.340000003576279;0.389999985694885;1.55947530269622
58735;Perennifolio;2.13166809082031;1.47000002861022;0;0.360000014305115;0.902302622795104
163054;Semicaducifolio;11.6941909790039;6.17999982833862;0.689999997615814;0.839999973773956;2.88889336585998
12640;Perennifolio;4.82811260223388;1.39999997615814;0.449999988079071;0.479999989271164;1.78732240200042
101998;Caducifolio;7.71406078338623;7.30000019073486;1.51999998092651;1.13999998569488;2.60000419616699
87781;Perennifolio;2.01774549484252;1.39999997615814;0.9200000166893;0.620000004768371;1.42284750938415
164083;Semicaducifolio;8.95570087432861;4.59999990463256;0.209999993443489;0.28999999165535;5.01249742507934
120647;Perennifolio;2.31964421272277;1.39999997615814;0;0.589999973773956;0.729775428771972
119915;Caducifolio;5.53095865249633;7.90000009536743;0;1.29999995231628;0.212619602680206
158612;Semicaducifolio;20.0488376617431;10;1.49000000953674;1.76999998092651;7.13344383239746
39782;Caducifolio;2.68299436569213;2;0;0.600000023841857;1.0670655965805
51185;Caducifolio;4.44725131988525;5.09999990463256;0.519999980926513;0.709999978542327;1.96035003662109
10254;Perennifolio;1.60000002384185;0.800000011920928;0;0.230000004172325;0.600000023841857
64437;Caducifolio;3.38622426986694;4.90000009536743;0.469999998807907;0.740000009536743;1.7536734342575
151334;Semicaducifolio;8.61195087432861;7;0.769999980926513;1.11000001430511;3.6504054069519
146980;Caducifolio;3.44548630714416;5;0.360000014305115;0.9200000166893;2.02090001106262
154798;Semicaducifolio;5.50332927703857;3.15000009536743;1.11000001430511;0.479999989271164;1.92592895030975
133902;Semicaducifolio;16.6329345703125;9.48999977111816;2.03999996185302;4.21999979019165;4.20416927337646
145443;Caducifolio;2.10467648506164;1.5;0;0.25;0.881330549716949
122553;Caducifolio;3.45916080474853;3.79999995231628;0.620000004768371;0.910000026226043;1.58978605270385
134150;Semicaducifolio;20.8496685028076;14.3000001907348;2;2.21000003814697;5.38400793075561
158698;Semicaducifolio;15.7670497894287;9.69999980926513;1.54999995231628;1.92999994754791;4.94144201278686
151090;Semicaducifolio;8.48300075531005;4;1.29999995231628;1.5;2.4685776233673
147059;Semicaducifolio;7.55156707763671;4;1.20000004768371;1.5;3.03979969024658
64826;Perennifolio;2.23267531394958;1.60000002384185;0;0.230000004172325;0.220628648996353
148266;Semicaducifolio;1.60000002384185;0.800000011920928;0;0.180000007152557;0.699999988079071
128181;Caducifolio;2.31164741516113;1.39999997615814;0.100000001490116;0.119999997317791;1.32153558731079
155574;Semicaducifolio;9.74421596527099;5;1.52999997138977;1.39999997615814;5.59313011169433
133458;Semicaducifolio;7.37555599212646;5.5;0.839999973773956;0.949999988079071;2.31111478805541
111189;Caducifolio;5.89092206954956;5.90000009536743;0.310000002384186;1;1.92711377143859
135121;Semicaducifolio;15.8945350646972;13.8999996185302;4.80000019073486;3.40000009536743;1.74603843688964
89437;Caducifolio;1.9700185060501;2.40000009536743;0;0.360000014305115;0.7448011636734
110752;Caducifolio;7.19943380355834;8.60000038146972;1.20000004768371;1.25;4.09323835372924
145565;Semicaducifolio;11.0759267807006;8.89999961853027;0.9200000166893;1.16999995708465;1.40067195892333
165655;Caducifolio;7.954843044281;3.20000004768371;0.800000011920928;1.10000002384185;2.38135051727294
28835;Caducifolio;3.71128106117248;5.40000009536743;0;0.550000011920928;1.2140816450119
158930;Semicaducifolio;12.5341730117797;10;2;2.20000004768371;5.38203573226928
47573;Perennifolio;3.21644043922424;1.20000004768371;0;0.200000002980232;0.545661389827728
63818;Perennifolio;2.6920039653778;3.5;0.860000014305114;0.9200000166893;1.74403846263885
164172;Caducifolio;7.02020263671875;4.09999990463256;0.660000026226043;0.600000023841857;1.97659802436828
55934;Caducifolio;2.47168183326721;3.29999995231628;0.209999993443489;0.600000023841857;1.36571049690246
146642;Semicaducifolio;3.77095556259155;4.5;0;0.449999988079071;1.17600440979003
60384;Perennifolio;3.45916080474853;3.09999990463256;0.439999997615814;0.75;1.38006973266601
2808;Perennifolio;4.04281711578369;3;0.330000013113022;0.519999980926513;2.02090001106262
46403;Caducifolio;1.98206388950347;4;0;0.360000014305115;1.05829429626464
128818;Caducifolio;1.70000004768371;1;0;0.0799999982118607;0.600000023841857
147261;Caducifolio;1.80891335010528;1.5;0;0.879999995231628;0.381892114877701
74698;Caducifolio;5.56668663024902;1.89999997615814;0.219999998807907;0.349999994039536;2.3444480895996
110655;Caducifolio;1.92078483104705;1.60000002384185;0;0.180000007152557;0.853652477264404
100757;Caducifolio;7.48468112945556;7.40000009536743;0.519999980926513;0.790000021457672;3.14830946922302
69496;Perennifolio;2.08992147445678;2.20000004768371;0;0.709999978542327;0.602614104747772
133644;Caducifolio;8.7227725982666;5.69999980926513;0.720000028610229;0.910000026226043;4.68589115142822
163015;Semicaducifolio;3.33035206794738;3;0;2.09999990463256;0.338416069746017
45642;Perennifolio;6.61973810195922;4.5;0.370000004768372;0.5;2.18788814544677
67911;Perennifolio;1.96757173538208;1.42999994754791;0;0.209999993443489;0.98378586769104
52265;Caducifolio;5.80353212356567;5.6100001335144;0.620000004768371;0.75;1.93782043457031
148584;Caducifolio;3.6586058139801;2.34999990463256;0.479999989271164;0.540000021457672;1.8203250169754
84759;Perennifolio;2.40819549560546;1.29999995231628;0;0.300000011920929;0.802712500095367
41435;Perennifolio;2.01780843734741;1.89999997615814;0.25;0.349999994039536;1.41548633575439
91267;Perennifolio;3.10972356796264;2.29999995231628;0.810000002384185;0.550000011920928;1.69490027427673
162831;Caducifolio;2.45645070075988;;0;0.419999986886978;0.881330549716949
15359;Perennifolio;8.50835514068603;3;0.790000021457672;0.560000002384185;2.63815641403198
1610;Perennifolio;2.40819549560546;1.20000004768371;0;0.270000010728836;0.935451865196228
91963;Caducifolio;2.30610728263854;0.699999988079071;0;0.349999994039536;1.27064323425292
5169;Perennifolio;3.06138396263122;1.39999997615814;0.330000013113022;0.6700000166893;1.6893800497055
165279;Caducifolio;2.45645070075988;2.40000009536743;0.330000013113022;0.439999997615814;1.75461602210998
150702;Caducifolio;5.54795408248901;5.59999990463256;0.469999998807907;0.600000023841857;2.96145701408386
68409;Caducifolio;4.00616836547851;5.19999980926513;0;0.699999988079071;0.953789949417114
5201;Caducifolio;4.42236375808715;2;0.270000010728836;0.349999994039536;2.12659335136413
122918;Perennifolio;1.54999995231628;0.800000011920928;0;0.340000003576279;0.699999988079071
145911;Semicaducifolio;10.1564044952392;6.09999990463256;1.17999994754791;1.03999996185302;3.1540982723236
116969;Perennifolio;0.699999988079071;0.180000007152557;0;0.0199999995529652;0.25
48692;Caducifolio;2.75555968284606;1.79999995231628;0.300000011920929;0.649999976158142;1.31619787216186
146133;Semicaducifolio;12.6705722808837;6.30000019073486;1.54999995231628;1.89999997615814;3.98683452606201
65890;Perennifolio;1.55999994277954;1.14999997615814;0;0.379999995231628;0.5
68305;Perennifolio;2.31514406204223;1.39999997615814;0.129999995231628;0.200000002980232;1.7379548549652
5395;Perennifolio;3.92012548446655;1.79999995231628;0;0.5;0.97103601694107
105146;Caducifolio;4.30734682083129;3.27999997138977;0.129999995231628;0.170000001788139;2.11858439445495
65503;Perennifolio;22.2229309082031;6.5;1.20000004768371;1.60000002384185;10.381516456604
116724;Perennifolio;8.2549934387207;7.69999980926513;0.939999997615814;1.33000004291534;3.15312695503234
110176;Perennifolio;15.200867652893;10;1.27999997138977;1.39999997615814;1.71687078475952
13238;Perennifolio;5.06648588180541;6.40000009536743;0.239999994635582;0.959999978542327;1.7519234418869
153819;Semicaducifolio;18.1028404235839;10.1999998092651;1.72000002861022;2.14000010490417;3.0405797958374
136765;Caducifolio;2.06266522407531;1.47000002861022;0;0.25;0.721932888031005
133222;Semicaducifolio;7.60646963119506;9.80000019073486;0.959999978542327;1.07000005245208;2.10023641586303
8530;Caducifolio;3.24150657653808;2.70000004768371;0;0.419999986886978;0.867434382438659
74630;Perennifolio;3.0572350025177;1.60000002384185;0;0.579999983310699;0.967685520648956
143211;Caducifolio;2.22362565994262;1.89999997615814;0;0.230000004172325;0.998408257961273
149463;Caducifolio;5.08562469482421;5.69999980926513;0.340000003576279;0.430000007152557;2.33018922805786
145364;Semicaducifolio;13.8473567962646;5.30000019073486;0.730000019073486;1.02999997138977;7.4278221130371
144888;Caducifolio;12.867953300476;8.5;0.850000023841857;1.07000005245208;4.87086009979248
13978;Perennifolio;3.17787647247314;3.20000004768371;0;1;0.635526180267333
154031;Semicaducifolio;4.59252643585205;4.96999979019165;0.140000000596046;0.230000004172325;2.24243307113647
162618;Semicaducifolio;1.20000004768371;0.5;0;0.0399999991059303;1
85364;Perennifolio;1.78183674812316;1.39999997615814;0;0.230000004172325;0.646358430385589
148385;Semicaducifolio;2.40098094940185;1.23000001907348;0;0.119999997317791;0.8923020362854
102246;Perennifolio;2.14654374122619;1.60000002384185;0;0.639999985694885;0.782002925872802
78395;Perennifolio;2.63815641403198;1.10000002384185;0.360000014305115;0.370000004768372;1.58871912956237
152982;Caducifolio;2.5047378540039;2.90000009536743;0;0.319999992847443;0.946961522102355
6636;Perennifolio;11.15318775177;4;0.899999976158142;1;7.13344383239746
139652;Semicaducifolio;3.34623646736145;3.59999990463256;0;0.889999985694885;0.470257520675659
45079;Perennifolio;1.67999994754791;1.39999997615814;0;0.300000011920929;0.899999976158142
146426;Semicaducifolio;2.36866879463195;2.09999990463256;0;0.519999980926513;0.184093952178955
165609;Caducifolio;1.85646045207977;2.25;0;0.300000011920929;1.15310251712799
34972;Perennifolio;3.06138396263122;2.70000004768371;0;0.970000028610229;0.814224779605865
163282;Caducifolio;2.99290418624877;2.79999995231628;0.129999995231628;0.46000000834465;1.48993957042694
115900;Perennifolio;2.21712374687194;1.8400000333786;0;0.46000000834465;0.537261605262756
69702;Perennifolio;2.06157159805297;1;0;0.370000004768372;1.1500140428543
132482;Semicaducifolio;1.70000004768371;1;0;0.100000001490116;1
156924;Semicaducifolio;4.80641460418701;5.09999990463256;0.699999988079071;0.939999997615814;1.97003030776977
52141;Perennifolio;8.04957485198974;3.40000009536743;0.330000013113022;0.930000007152557;2.96438336372375
123610;Caducifolio;0.699999988079071;0.600000023841857;0;0.0299999993294477;0.400000005960464
137919;Semicaducifolio;2.59143614768981;1.79999995231628;0;0.119999997317791;1.09121012687683
55369;Perennifolio;4.64389610290527;5.09999990463256;0;0.709999978542327;1.1608258485794
61959;Caducifolio;8.1439037322998;4.44999980926513;0.699999988079071;0.939999997615814;5.98223066329956
114690;Perennifolio;16.3329563140869;12.3000001907348;1.29999995231628;2;4.62241411209106
119212;Caducifolio;2.67936921119689;3.09999990463256;0;0.839999973773956;1.13578021526336
69114;Caducifolio;4.40097665786743;4.30000019073486;0.379999995231628;0.389999985694885;1.71054673194885
82398;Caducifolio;2.184574842453;1.20000004768371;0.100000001490116;0.150000005960464;1.361372590065
18636;Perennifolio;1.95924806594848;0.800000011920928;0;0.170000001788139;1.17168807983398
150472;Caducifolio;3.00748014450073;2.79999995231628;0.319999992847443;0.349999994039536;1.79466927051544
46897;Perennifolio;9.1775426864624;4.59999990463256;0.600000023841857;0.699999988079071;2.5037076473236
151863;Semicaducifolio;6.0684847831726;4;0.300000011920929;0.569999992847442;1.57995903491973
27643;Perennifolio;1.82246148586273;2.25;0;0.560000002384185;0.620508670806884
85469;Perennifolio;4.52077198028564;3.20000004768371;0;0.730000019073486;0.686487913131713
156841;Caducifolio;1.90646302700042;2;0;0.119999997317791;0.854672968387603
138563;Semicaducifolio;14.2279424667358;9.14999961853027;1.79999995231628;2.17000007629394;5.5446720123291
144959;Caducifolio;10.219630241394;6.80000019073486;0.759999990463256;0.980000019073486;4.19278383255004
147940;Caducifolio;4.66166734695434;5.5;0.46000000834465;0.699999988079071;3.1924123764038
33758;Perennifolio;1.87117028236389;2.5;0;0.629999995231628;0.641804754734039
86021;Perennifolio;1.45000004768371;1.10000002384185;0;0.159999996423721;0.400000005960464
113429;Perennifolio;2.4940869808197;1.29999995231628;0.589999973773956;0.569999992847442;1.51434981822967
140018;Caducifolio;5.37865114212036;6.19999980926513;0.629999995231628;0.600000023841857;2.31229329109191
38308;Perennifolio;17.5154857635498;13.6999998092651;0.5;0.649999976158142;7.61499738693237
148543;Caducifolio;7.07029056549072;7.61999988555908;1.37000000476837;1.08000004291534;1.5741559267044
152713;Caducifolio;2.77641701698303;3.59999990463256;0.150000005960464;0.310000002384186;1.47775745391845
157218;Semicaducifolio;9.01933193206787;7.69999980926513;1;1.12999999523162;3.79845070838928
158985;Caducifolio;2.48965048789978;4.30000019073486;0.46000000834465;0.620000004768371;1.56792569160461
157703;Caducifolio;1.53999996185302;1.10000002384185;0;0.180000007152557;0.870000004768371
84640;Perennifolio;9.24411869049072;7.80000019073486;1.17999994754791;0.959999978542327;3.30910110473632
113248;Caducifolio;5.85279083251953;8.10000038146972;0.850000023841857;1.12999999523162;2.11592388153076
134623;Caducifolio;6.16157341003417;3.70000004768371;0.579999983310699;0.740000009536743;2.06157159805297
77310;Perennifolio;7.05964851379394;3.04999995231628;0.300000011920929;0.419999986886978;1.75031042098999
164296;Semicaducifolio;11.9402818679809;8.10000038146972;1.02999997138977;1.36000001430511;1.74977326393127
58577;Perennifolio;2.99100351333618;1.20000004768371;0.100000001490116;0.129999995231628;2.21807479858398
161471;Semicaducifolio;24.1739997863769;17.7000007629394;2.70000004768371;2.9300000667572;4.28399991989135
117775;Caducifolio;1.70000004768371;2;0;0.360000014305115;0.5
31521;Caducifolio;2.22564911842346;2.70000004768371;0;0.519999980926513;0.279385983943939
164063;Semicaducifolio;13.2958478927612;6;0.639999985694885;0.800000011920928;6.16252374649047
119530;Perennifolio;1.94701921939849;1.29999995231628;0;0.540000021457672;0.75057303905487
163362;Caducifolio;2.0937807559967;2;0.52999997138977;0.519999980926513;1.35647428035736
127718;Caducifolio;1.20000004768371;0.5;0;0.0399999991059303;0.5
159337;Semicaducifolio;14.6264562606811;11.5;2.24000000953674;2.35999989509582;4.23704385757446
25346;Caducifolio;1.90784263610839;2.40000009536743;0;0.639999985694885;0.17503522336483
23126;Perennifolio;0.839999973773956;0.600000023841857;0;0.300000011920929;0.25
134262;Semicaducifolio;15.5922546386718;10;1.22000002861022;1.42999994754791;2.10208463668823
15855;Perennifolio;14.2185907363891;4.5;0.9200000166893;0.980000019073486;2.62145638465881
8399;Perennifolio;2.89234590530395;2.5;0;0.5;1.26748645305633
37959;Perennifolio;1.54999995231628;1.54999995231628;0;0.479999989271164;0.800000011920928
75678;Perennifolio;4.58015823364257;4.5;0.439999997615814;0.469999998807907;2.31871438026428
84040;Caducifolio;2.60227036476135;2.70000004768371;0.170000001788139;0.25;1.38218569755554
120079;Perennifolio;1.60000002384185;1.29999995231628;0;0.360000014305115;0.829999983310699
18313;Perennifolio;3.63047528266906;2;0.280000001192093;0.300000011920929;2.13557362556457
148144;Caducifolio;2.33056020736694;1.5;0;0.340000003576279;1.0528335571289
115435;Caducifolio;2.81081676483154;1.60000002384185;0;0.239999994635582;0.881330549716949
153352;Caducifolio;3.47278761863708;2.59999990463256;0.409999996423721;0.479999989271164;2.33684992790222
19443;Perennifolio;4.91703748703002;3.70000004768371;0.850000023841857;0.699999988079071;2.39587640762329
144516;Semicaducifolio;21.7962760925292;16;2.5;2.54999995231628;9.17192077636718
160553;Semicaducifolio;7.02917957305908;6.69999980926513;2.39000010490417;2.04999995231628;3.83409810066223
9054;Perennifolio;3.85580778121948;3.79999995231628;0;0.879999995231628;0.743515193462371
49987;Caducifolio;5.54962158203125;6.42999982833862;0.569999992847442;1.30999994277954;2.12243485450744
147380;Semicaducifolio;3.25029158592224;2.40000009536743;0.340000003576279;0.620000004768371;2.07127213478088
10005;Caducifolio;3.16867804527282;3.09999990463256;0;0.400000005960464;0.530521690845489
151693;Caducifolio;2.88117718696594;1.89999997615814;0.270000010728836;0.340000003576279;1.38520920276641
9648;Caducifolio;3.5554723739624;6.5;0.540000021457672;0.689999997615814;2.21047949790954
81799;Perennifolio;2.85448384284973;2.5;0;0.569999992847442;0.323962807655334
59246;Perennifolio;2.05179381370544;1.60000002384185;0;0.330000013113022;0.798405468463897
145738;Caducifolio;1.96516060829162;0.400000005960464;0.170000001788139;0.300000011920929;1.82311034202575
9780;Caducifolio;3.84404611587524;4.09999990463256;0.680000007152557;0.560000002384185;1.56081199645996
61626;Caducifolio;6.04613733291625;7.5;0.699999988079071;1.29999995231628;2.73515748977661
162739;Caducifolio;6.2175006866455;7.80000019073486;0.740000009536743;1;3.85646128654479
72830;Perennifolio;2.03468441963195;0.990000009536743;0;0.629999995231628;0.888178944587707
8008;Perennifolio;1.84335577487945;0.699999988079071;0;0.28999999165535;0.765939891338348
145408;Caducifolio;7.58496761322021;8.10000038146972;0.439999997615814;0.629999995231628;4.58602142333984
102264;Perennifolio;1.94502735137939;1.20000004768371;0;0.730000019073486;0.326487064361572
146149;Caducifolio;9.02917766571044;8.06999969482421;0.649999976158142;0.939999997615814;4.20546436309814
136482;Semicaducifolio;15.1046819686889;12.8000001907348;2.26999998092651;2.54999995231628;9.29615211486816
156676;Semicaducifolio;11.2303400039672;8.39999961853027;0.810000002384185;0.930000007152557;5.56060934066772
109252;Caducifolio;5.52075099945068;3.5;0.930000007152557;0.77999997138977;1.82649004459381
42385;Caducifolio;3.52956247329711;2.09999990463256;0.330000013113022;0.389999985694885;1.90319895744323
71041;Perennifolio;1.60000002384185;1.5;0;0.230000004172325;0.800000011920928
26557;Perennifolio;15.6095085144042;9.69999980926513;2.14000010490417;2.28999996185302;5.61351108551025
4024;Caducifolio;6.77093601226806;3.59999990463256;0.370000004768372;0.519999980926513;2.99111533164978
83751;Perennifolio;2.53288102149963;2.59999990463256;0;0.680000007152557;0.95760154724121
89489;Perennifolio;1.70000004768371;;0;0.600000023841857;0.699999988079071
152331;Semicaducifolio;5.06648588180541;4;1.10000002384185;1.32000005245208;2.81169009208679
154347;Caducifolio;7.69374227523803;6.69999980926513;1.35000002384185;0.77999997138977;3.01370859146118
95730;Perennifolio;8.06700325012207;3.38000011444091;0.509999990463256;0.699999988079071;3.37298011779785
164555;Caducifolio;4.01575899124145;4.51999998092651;0;0.5;1.13991475105285
159527;Caducifolio;8.2200002670288;7;0.409999996423721;0.560000002384185;3.42499995231628
150081;Semicaducifolio;9.05414199829101;6;0.730000019073486;0.970000028610229;2.31111478805541
45046;Perennifolio;7.3021125793457;5.19999980926513;1.08000004291534;1.10000002384185;3.84404611587524
136640;Semicaducifolio;13.5455427169799;13.8000001907348;1.26999998092651;1.70000004768371;4.57469511032104
164897;Semicaducifolio;11.1167383193969;6.59999990463256;0.970000028610229;1.57000005245208;3.36748242378234
97697;Perennifolio;2.53497290611267;2;0;0.28999999165535;1.27680206298828
144136;Caducifolio;9.93333053588867;7.40000009536743;1.26999998092651;0.959999978542327;4.04372215270996
167134;Caducifolio;2.47556924819946;1.29999995231628;0;0.300000011920929;0.255415171384811
17276;Caducifolio;1.70000004768371;1.70000004768371;0;0.230000004172325;0.699999988079071
156970;Semicaducifolio;2.48727822303771;1.10000002384185;0;0.310000002384186;1.07322001457214
76069;Caducifolio;2.1636152267456;1.5;0;0.270000010728836;0.760189116001129
44541;Perennifolio;2.5477647781372;2.09999990463256;0.150000005960464;0.449999988079071;1.44044840335845
55393;Perennifolio;3.79110193252563;4;0.400000005960464;0.800000011920928;1.59391856193542
53369;Perennifolio;1.8971300125122;1.5;0;0.449999988079071;0.160592451691628
8418;Perennifolio;3.29022693634033;2.04999995231628;0;0.600000023841857;1.15862441062927
78902;Caducifolio;3.73053431510925;3.29999995231628;0.140000000596046;0.699999988079071;1.57512009143829
139244;Semicaducifolio;17.844160079956;14.8000001907348;2.09999990463256;2.40000009536743;8.00349235534667
67705;Perennifolio;2.45851874351501;1.79999995231628;0;0.370000004768372;1.19793820381164
8429;Perennifolio;1.5;1.20000004768371;0;0.379999995231628;0.899999976158142
120365;Caducifolio;5.85989904403686;6.80000019073486;1.3400000333786;1.65999996662139;1.95329964160919
141864;Caducifolio;5.96695041656494;4.5;0.170000001788139;0.230000004172325;2.02725601196289
77980;Perennifolio;2.14257621765136;0.75;0;0.119999997317791;1.17901933193206
98557;Perennifolio;13.1516923904418;6;2.09999990463256;2.01999998092651;6.90651226043701
104710;Perennifolio;2.09999990463256;1.60000002384185;0;0.340000003576279;1.10000002384185
161276;Semicaducifolio;24.7044258117675;18.2000007629394;2.77999997138977;3.30999994277954;6.31402921676635
139475;Caducifolio;3.32010889053344;2.20000004768371;0.310000002384186;0.409999996423721;1.64773249626159
152952;Semicaducifolio;15.4419183731079;7.30000019073486;0.970000028610229;1.13999998569488;8.1655569076538
114693;Caducifolio;2.8993375301361;4;0;0.5;0.534233510494232
111667;Perennifolio;3.53157758712768;1.70000004768371;0.200000002980232;0.639999985694885;1.7195154428482
28397;Perennifolio;1.70000004768371;1.54999995231628;0;0.409999996423721;0.639999985694885
157564;Semicaducifolio;8.95745658874511;3.95000004768371;0.300000011920929;0.649999976158142;2.20202255249023
166570;Caducifolio;2.21854162216186;1;0;0.0700000002980232;0.88462620973587
68605;Caducifolio;3.88407135009765;3.79999995231628;0.300000011920929;0.490000009536743;1.7379548549652
135412;Caducifolio;3.90518712997436;4;0.230000004172325;0.370000004768372;1.86056280136108
67075;Caducifolio;7.72732782363891;7;0.699999988079071;0.75;3.17488265037536
74838;Caducifolio;4.5643401145935;5.01000022888183;0.569999992847442;0.600000023841857;1.57512009143829
58881;Perennifolio;1.5;0.850000023841857;0;0.239999994635582;0.699999988079071
152243;Caducifolio;4.19523906707763;4.30000019073486;0;0.349999994039536;1.12432670593261
84892;Caducifolio;2.05099916458129;2.04999995231628;0;0.180000007152557;0.947965443134307
17497;Perennifolio;3.28160715103149;3.09999990463256;0;0.319999992847443;1.22559452056884
160040;Semicaducifolio;2.17677307128906;1.29999995231628;0.239999994635582;0.180000007152557;1.4511821269989
87981;Caducifolio;3.67655110359191;6.90000009536743;0;0.519999980926513;0.818561077117919
135462;Caducifolio;4.4984426498413;5.80000019073486;0.52999997138977;0.5;1.60114336013793
52119;Perennifolio;2.33340644836425;2;0;0.639999985694885;1.07299602031707
142084;Caducifolio;2.00986695289611;;0;0.28999999165535;1.259441614151
18285;Caducifolio;1.54999995231628;1.25;0;0.140000000596046;0.699999988079071
132975;Semicaducifolio;7.94368553161621;6.51999998092651;1.11000001430511;1.13999998569488;1.57656347751617
165127;Caducifolio;1.65999996662139;0.479999989271164;0;0.140000000596046;0.949999988079071
148483;Caducifolio;2.57109141349792;2.5;0;0.28999999165535;0.841437757015228
154241;Caducifolio;3.3635401725769;3.70000004768371;0.300000011920929;0.400000005960464;1.48789596557617
60351;Caducifolio;7.47653913497924;6.40000009536743;1.13999998569488;1.20000004768371;3.35341119766235
29883;Caducifolio;3.80284738540649;3.29999995231628;0.479999989271164;0.46000000834465;1.40616345405578
81894;Caducifolio;8.35767459869384;4.90000009536743;0.600000023841857;0.730000019073486;1.97541868686676
137410;Semicaducifolio;10.6679601669311;6.69999980926513;0.680000007152557;1.07000005245208;2.69630050659179
6552;Perennifolio;3.08998346328735;2;0.219999998807907;0.379999995231628;2.14491486549377
155479;Semicaducifolio;6.07396030426025;4.30000019073486;0.409999996423721;0.569999992847442;1.54644167423248
67609;Perennifolio;4.82057666778564;4.5;0.409999996423721;1.02999997138977;2.28734755516052
151902;Caducifolio;1.84753823280334;1.79999995231628;0;0.28999999165535;0.927491724491119
147083;Caducifolio;3.66999053955078;4;0.360000014305115;0.449999988079071;1.72047233581542
25794;Caducifolio;0.370000004768372;0.75;0;0.100000001490116;0.109999999403954
155850;Semicaducifolio;6.13437032699584;6;0.439999997615814;0.600000023841857;2.34738779067993
9601;Perennifolio;1.37000000476837;1.29999995231628;0;0.239999994635582;0.360000014305115
161616;Semicaducifolio;7.25591039657592;3.79999995231628;0.319999992847443;0.540000021457672;2.43073010444641
18707;Perennifolio;2.37650871276855;1.60000002384185;0;0.560000002384185;0.798001289367675
21268;Caducifolio;1.55999994277954;1.29999995231628;0;0.159999996423721;0.899999976158142
69153;Perennifolio;5.06169605255126;6.09999990463256;1.37999999523162;1.05999994277954;2.05480122566223
61409;Perennifolio;1.70000004768371;1.10000002384185;0;0.170000001788139;0.899999976158142
33911;Caducifolio;3.2575614452362;1.39999997615814;0;0.409999996423721;0.710706532001495
152967;Semicaducifolio;8.11233139038085;6.34999990463256;0.769999980926513;0.860000014305114;4.46956729888916
100559;Caducifolio;1.51999998092651;1.20000004768371;0;0.150000005960464;1.10000002384185
62939;Perennifolio;2.26334881782531;2.29999995231628;0;0.709999978542327;0.644264638423919
90427;Caducifolio;1.90120685100555;0.899999976158142;0;0.0599999986588955;0.63840103149414
129257;Caducifolio;2.31164741516113;1.29999995231628;0;0.100000001490116;1.23394048213958
86884;Perennifolio;3.22533535957336;2.05999994277954;0.400000005960464;0.469999998807907;1.34424006938934
5363;Perennifolio;2.66224980354309;2;0;0.449999988079071;0.759260654449462
163600;Semicaducifolio;21.5800323486328;14.1999998092651;2;2.48000001907348;5.25093126296997
34820;Perennifolio;1.49000000953674;1.22000002861022;0;0.170000001788139;0.310000002384186
149747;Semicaducifolio;19.6984577178955;9;1.60000002384185;2.05999994277954;4.21584415435791
17956;Caducifolio;1.39999997615814;1.28999996185302;0;0.180000007152557;0.800000011920928
164076;Semicaducifolio;6.462336063385;4.09999990463256;0.270000010728836;0.689999997615814;4.0216965675354
154447;Caducifolio;4.69404029846191;5.19999980926513;0.5;0.589999973773956;1.3003841638565
73432;Perennifolio;3.24178338050842;2.79999995231628;0;0.790000021457672;1.1626923084259
144488;Caducifolio;1.44000005722045;1;0;0.129999995231628;0.560000002384185
83785;Perennifolio;2.6920039653778;2.20000004768371;0;0.540000021457672;0.95760154724121
13796;Caducifolio;2.16118884086608;;0;0.189999997615814;0.75057303905487
138539;Semicaducifolio;9.18791198730468;6.90000009536743;1.03999996185302;1.24000000953674;2.4481885433197
135781;Caducifolio;3.75619220733642;3.90000009536743;0.370000004768372;0.5;1.9829317331314
14452;Perennifolio;1.54999995231628;1;0;0.189999997615814;0.699999988079071
55979;Perennifolio;4.00616836547851;3.5;0;0.759999990463256;0.320398896932602
134634;Semicaducifolio;13.8805122375488;12.5;1.5;1.23000001907348;4.2071886062622
38192;Perennifolio;16.41695022583;13;0.879999995231628;0.980000019073486;8.1681489944458
23128;Perennifolio;1.51999998092651;1;0;0.180000007152557;0.839999973773956
136411;Semicaducifolio;11.0334339141845;9.30000019073486;0.910000026226043;1.32000005245208;3.12258839607238
137871;Caducifolio;1.63999998569488;1.89999997615814;0;0.270000010728836;0.889999985694885
139516;Semicaducifolio;11.5520153045654;7.40000009536743;1.15999996662139;1.37000000476837;5.06814002990722
83917;Perennifolio;4.04771041870117;2.5;0;0.589999973773956;0.748241543769836
137467;Semicaducifolio;7.86580181121826;2.29999995231628;0;1;0.641931295394897
67593;Caducifolio;4.21448612213134;3.86999988555908;0.370000004768372;0.75;1.96455299854278
140494;Caducifolio;1.28999996185302;1;0;0.300000011920929;0.5
162751;Caducifolio;2.61664056777954;2.59999990463256;0;0.689999997615814;1.21111249923706
45753;Caducifolio;1.5;1.10000002384185;0;0.239999994635582;0.800000011920928
137006;Semicaducifolio;14.2235536575317;12.6000003814697;1.35000002384185;2.29999995231628;5.14223051071166
12900;Perennifolio;9.02454376220703;6.32000017166137;1.42999994754791;1.19000005722045;3.42466878890991
153318;Caducifolio;6.15340089797973;5.09999990463256;0.479999989271164;0.569999992847442;2.26447415351867
136941;Semicaducifolio;17.4261531829833;12.8000001907348;1.25999999046325;1.5;7.18762922286987
162140;Semicaducifolio;17.25;16;1.77999997138977;2.25999999046325;4.59999990463256
146154;Caducifolio;3.52653956413269;3.25;0.310000002384186;0.52999997138977;1.93782043457031
143382;Caducifolio;2.02090001106262;0.959999978542327;0;0.119999997317791;1.18152129650115
89436;Caducifolio;3.78208041191101;2.5;0.379999995231628;0.620000004768371;2.4685776233673
139059;Semicaducifolio;11.1505708694458;12.3199996948242;1.47000002861022;1.82000005245208;5.52785110473632
83690;Perennifolio;2.22564601898193;0.400000005960464;0;0.180000007152557;0.960892677307128
145031;Caducifolio;2.06533408164978;1.60000002384185;0;0.660000026226043;0.890203952789306
124077;Caducifolio;1.24000000953674;1.46000003814697;0;0.0500000007450581;0.400000005960464
16857;Caducifolio;1.35000002384185;1.10000002384185;0;0.0700000002980232;0.600000023841857
108107;Caducifolio;3.15378022193908;3.5;0.200000002980232;0.629999995231628;1.73558819293975
166012;Semicaducifolio;13.9611854553222;8.39999961853027;1.54999995231628;1.95000004768371;2.44445395469665
42839;Perennifolio;5.04511070251464;10.6999998092651;2.75;2.73000001907348;2.81081676483154
105585;Perennifolio;2.02140855789184;1.60000002384185;0;0.52999997138977;0.798271119594573
66858;Perennifolio;1.49000000953674;1;0;0.280000001192093;0.850000023841857
144064;Caducifolio;8.15049362182617;5.80000019073486;0.419999986886978;0.579999983310699;2.63325405120849
97390;Perennifolio;7.12693500518798;1.10000002384185;0.25;0.25;2.98925280570983
5394;Perennifolio;2.66224980354309;1.39999997615814;0;0.170000001788139;0.97103601694107
70591;Perennifolio;1.77718925476074;1.79999995231628;0;0.649999976158142;0.350167989730835
55881;Caducifolio;3.09189844131469;4;0.400000005960464;0.600000023841857;2.12243485450744
133499;Semicaducifolio;4.83673191070556;2.74000000953674;0.330000013113022;0.319999992847443;2.26600265502929
144245;Caducifolio;6.0695834159851;5;0.46000000834465;0.579999983310699;2.47168183326721
17584;Perennifolio;6.50733757019042;2.59999990463256;0.319999992847443;0.469999998807907;2.82477927207946
83535;Caducifolio;1.99125254154205;0.519999980926513;0;0.0900000035762787;1.16986286640167
78924;Perennifolio;3.12586998939514;3.59999990463256;0.259999990463257;0.6700000166893;1.5416909456253
161192;Semicaducifolio;15.7885437011718;8.39999961853027;0.819999992847442;1.12000000476837;3.21618485450744
17438;Perennifolio;2.51136445999145;2;0;0.730000019073486;1.0584670305252
134914;Semicaducifolio;14.1727876663208;11.5;2.39000010490417;2.5;6.41456699371337
166528;Caducifolio;2.22849798202514;1.39999997615814;0.0399999991059303;0.0599999986588955;1.59620654582977
50089;Caducifolio;4.16734027862548;3.04999995231628;0;0.409999996423721;1.28644335269927
164528;Semicaducifolio;3.21317315101623;3.46000003814697;0;0.660000026226043;0.794359564781188
46627;Perennifolio;2.59986329078674;2.59999990463256;0;0.449999988079071;0.6169313788414
80138;Perennifolio;8.88831424713134;3.20000004768371;0.439999997615814;0.600000023841857;3.23040461540222
144498;Caducifolio;10.4561376571655;7.09999990463256;0.5;0.77999997138977;3.16867804527282
53343;Caducifolio;6.9554100036621;8.30000019073486;0.579999983310699;1.10000002384185;2.89657926559448
158817;Semicaducifolio;2.42501664161682;2.09999990463256;0;0.430000007152557;0.958111763000488
138603;Semicaducifolio;0.899999976158142;1.60000002384185;0;0.270000010728836;0.200000002980232
141738;Caducifolio;8.61469364166259;6.17999982833862;0.540000021457672;0.620000004768371;2.5256118774414
150609;Semicaducifolio;5.16893625259399;3.79999995231628;0.400000005960464;0.600000023841857;1.68633770942687
16794;Perennifolio;7.37461185455322;6.5;1.99000000953674;1.19000005722045;2.24865341186523
59446;Perennifolio;2.25986695289611;0.800000011920928;0;0.300000011920929;0.838780641555786
55865;Caducifolio;6.2108449935913;9.5;2.06999993324279;1.79999995231628;3.01240277290344
87359;Perennifolio;5.52627182006835;4;0.550000011920928;0.629999995231628;2.81766128540039
73834;Perennifolio;1.3400000333786;0.819999992847442;0;0.0599999986588955;0.0500000007450581
165875;Caducifolio;1.71718394756317;1.20000004768371;0;0.170000001788139;0.101599887013435
96388;Perennifolio;1.75730860233306;1.17999994754791;0;0.259999990463257;0.860532701015472
48663;Caducifolio;3.01830315589904;3.40000009536743;0;0.519999980926513;0.384622067213058
123319;Perennifolio;1.29999995231628;0.899999976158142;0;0.200000002980232;0.600000023841857
59304;Perennifolio;1.58000004291534;1.60000002384185;0;0.349999994039536;0.600000023841857
154503;Semicaducifolio;15.8062829971313;9.39999961853027;0.800000011920928;1.20000004768371;9.55222606658935
45166;Perennifolio;2.77893948554992;1.20000004768371;0.109999999403954;0.5;1.50397503376007
35105;Caducifolio;2.31164741516113;1.79999995231628;0;0.230000004172325;1.25247061252593
1007;Caducifolio;5.79491853713989;5.5;0.560000002384185;0.569999992847442;2.50677680969238
71834;Perennifolio;4.02933835983276;3.20000004768371;0.28999999165535;1.0900000333786;1.57673108577728
160272;Semicaducifolio;11.5890455245971;10.6999998092651;0.899999976158142;1.0900000333786;2.4466917514801
155918;Caducifolio;1.77369904518127;1.20000004768371;0;0.109999999403954;0.429809302091599
162475;Semicaducifolio;3.89563822746276;1.10000002384185;2.15000009536743;2;3.36752247810363
94254;Perennifolio;2.18683767318725;1.97000002861022;0;0.740000009536743;1.21207869052886
132471;Semicaducifolio;4.40266323089599;2.40000009536743;0;0.349999994039536;0.281419396400452
135146;Semicaducifolio;14.9000968933105;5.90000009536743;0.899999976158142;1.14999997615814;4.63742876052856
160835;Semicaducifolio;22.9500007629394;21.3999996185302;2.64000010490417;2.77999997138977;9.48600006103515
122766;Perennifolio;2.5305209159851;2.09999990463256;0;0.610000014305114;0.320398896932602
54521;Perennifolio;2.51452279090881;1;0;0.699999988079071;0.545718371868133
163952;Semicaducifolio;6.37834453582763;4.5;1.04999995231628;1.5;2.97690057754516
81971;Caducifolio;2.97690057754516;4.40000009536743;0.319999992847443;0.419999986886978;1.40153872966766
77741;Caducifolio;2.0326919555664;2.59999990463256;0;0.180000007152557;0.362305402755737
106370;Perennifolio;1.16999995708465;0.649999976158142;0;0.319999992847443;0.400000005960464
96438;Perennifolio;10.2782278060913;4;0.620000004768371;1.12000000476837;4.44297313690185
113494;Perennifolio;7.97987270355224;4.13999986648559;0.370000004768372;0.449999988079071;1.82649004459381
47089;Perennifolio;7.83575868606567;5.19999980926513;0.239999994635582;0.310000002384186;1.99393081665039
134589;Semicaducifolio;11.5828819274902;3.5;0.449999988079071;0.639999985694885;5.30479145050048
133933;Caducifolio;3.52747416496276;4;0.790000021457672;0.519999980926513;1.60665309429168
40894;Perennifolio;2.41445255279541;2.09999990463256;0;0.600000023841857;0.709117949008941
34293;Caducifolio;5.01246690750122;4;0.469999998807907;1.12999999523162;3.3471143245697
108809;Perennifolio;2.59495091438293;1.62000000476837;0;0.620000004768371;0.7448011636734
123196;Perennifolio;6.82112884521484;1.14999997615814;0;0.709999978542327;0.180533275008202
82543;Perennifolio;1.39999997615814;1.79999995231628;0;0.449999988079071;0.699999988079071
138910;Semicaducifolio;23.9622211456298;9;2.29999995231628;2.51999998092651;9.69557285308837
117817;Perennifolio;4.23556518554687;4;0.180000007152557;1.15999996662139;1.50296831130981
92030;Caducifolio;4.25248479843139;3.34999990463256;0.200000002980232;0.300000011920929;2.11835384368896
73743;Perennifolio;14.6158647537231;6;0.740000009536743;0.939999997615814;5.31648349761962
142738;Semicaducifolio;8.63922214508056;4.19999980926513;0.680000007152557;0.879999995231628;3.83562040328979
65282;Caducifolio;2.80574655532836;3;0.349999994039536;0.379999995231628;1.86439025402069
60434;Perennifolio;3.57852363586425;2.29999995231628;0.439999997615814;0.629999995231628;1.38006973266601
77394;Caducifolio;2.15580224990844;2.20000004768371;0;0.360000014305115;0.825528085231781
86693;Perennifolio;3.70910263061523;2.09999990463256;0;0.610000014305114;1.2260855436325
151418;Semicaducifolio;14.7025661468505;7;0.910000026226043;0.800000011920928;4.58602142333984
160301;Caducifolio;1.84009301662445;1.29999995231628;0;0.270000010728836;1.141037940979
122564;Perennifolio;1.10000002384185;0.899999976158142;0;0.75;0.5
158870;Semicaducifolio;24.3597736358642;10;3.89000010490417;2.89000010490417;9.32633590698242
165998;Caducifolio;9.29881000518798;7;0.600000023841857;0.839999973773956;4.44276189804077
109752;Perennifolio;3.37440371513366;1.79999995231628;0;0.239999994635582;0.37479692697525
164138;Caducifolio;3.09285902976989;2.79999995231628;0;0.349999994039536;1.15862441062927
47097;Perennifolio;8.57771873474121;6.09999990463256;0.509999990463256;0.629999995231628;1.99393081665039
154093;Semicaducifolio;9.85785198211669;5.30000019073486;0.509999990463256;0.829999983310699;4.98835325241088
49203;Caducifolio;6.53021192550659;8;0.389999985694885;0.720000028610229;3.8987545967102
151061;Semicaducifolio;2.79893994331359;2.79999995231628;0;0.46000000834465;0.348973572254181
151938;Semicaducifolio;3.52838563919067;1;0.639999985694885;1;2.50159120559692
110228;Caducifolio;4.92474699020385;6.15000009536743;0.939999997615814;0.930000007152557;1.73475861549377
103925;Perennifolio;17.6996746063232;6.5;1.13999998569488;1.3400000333786;12.6391744613647
133391;Semicaducifolio;15.9373188018798;7.19999980926513;1.20000004768371;1.51999998092651;5.79324674606323
55581;Caducifolio;2.23267531394958;2.20000004768371;0;0.46000000834465;0.759260654449462
81997;Perennifolio;2.08367013931274;1;0;0.25;1.07322001457214
136604;Semicaducifolio;9.43227195739746;9.39999961853027;1.29999995231628;1.72000002861022;3.84057879447937
50592;Perennifolio;3.34921145439147;1.10000002384185;0.200000002980232;0.349999994039536;1.41972529888153
119001;Caducifolio;1.69000005722045;1;0;0.119999997317791;1.25
2558;Caducifolio;2.53288102149963;2;0.150000005960464;0.349999994039536;2.05861282348632
5207;Perennifolio;2.22138094902038;1.60000002384185;0;0.430000007152557;0.902302622795104
11141;Perennifolio;4.18914461135864;3.90000009536743;0.239999994635582;0.790000021457672;1.73653757572174
49068;Perennifolio;2.02090001106262;1.10000002384185;0;0.239999994635582;1.18152129650115
57801;Perennifolio;9.888032913208;2.79999995231628;0.379999995231628;0.569999992847442;4.20935297012329
17398;Perennifolio;2.27831196784973;1.22000002861022;0;0.419999986886978;0.921478927135467
134145;Semicaducifolio;5.49465417861938;3.70000004768371;1.20000004768371;1.58000004291534;2.36992859840393
164717;Caducifolio;8.02075099945068;6;1.12000000476837;1;1.37350332736968
41704;Perennifolio;2.09247684478759;2;0;0.479999989271164;1.22823119163513
128169;Caducifolio;1.5;0.600000023841857;0;0.0700000002980232;0.800000011920928
133017;Semicaducifolio;9.26065444946289;5;1.15999996662139;1.41999995708465;6.12758493423461
133498;Semicaducifolio;1.85583758354187;1.79999995231628;0;0.340000003576279;0
145054;Caducifolio;6.00381660461425;6.59999990463256;0.699999988079071;0.970000028610229;4.37359476089477
70999;Caducifolio;4.2885570526123;4.69999980926513;0.620000004768371;0.769999980926513;1.7379548549652
165078;Caducifolio;3.65006446838378;4.59999990463256;0.860000014305114;0.680000007152557;1.87215232849121
156414;Caducifolio;4.92734050750732;3.40000009536743;0.170000001788139;0.330000013113022;2.22015404701232
83746;Perennifolio;3.01240277290344;1.5;0;0.46000000834465;1.11527276039123
11851;Perennifolio;1.41999995708465;1.39999997615814;0;0.270000010728836;0.540000021457672
54285;Perennifolio;3.90733742713928;2.63000011444091;0;0.839999973773956;0.878637909889221
